0.010316541134307983,0.21098548501234116,0.022399324306066472,0.1343830438378034,0.08926035349262719,0
0.017271127676655167,0.3013224395479585,0.02631753082692223,0.1702326766847895,0.09050977724707727,0
0.020021915637541885,0.32942687387684183,0.03108436095209659,0.19418201660271683,0.09455813644844473,0
0.021005900563907533,0.3662465963604816,0.030878352280884275,0.21801110001539786,0.09488685220539216,0
0.02263892339134911,0.5155205416013782,0.04554825945249271,0.23806730206292132,0.11373092951614854,0
0.023889941532924418,0.5843182293283163,0.05190503489201344,0.23427298211633119,0.12024110022241397,0
0.02527524311977226,0.5792107955020962,0.05483751325572067,0.23800141294855406,0.13539982147488588,0
0.024710760513496275,0.4852224713657553,0.055233436727879524,0.23091272352003175,0.1629060738284803,0
0.021048102457091017,0.432642476458447,0.059592526096350726,0.23486923060169462,0.24609581825899998,0
0.019231802925102556,0.4889662793023851,0.057277330263409434,0.2268192988804182,0.256751487019223,0
0.018171221035850012,0.4693644794223789,0.05472986453428994,0.213534478074442,0.24874809735327102,0
0.01876350253107551,0.4325660727751332,0.05232201854816234,0.20129585826769456,0.24148621453477062,0
0.018680016663927913,0.3746262806047949,0.04522801178808066,0.19600771444348056,0.22476944083974915,0
0.01808904462625663,0.33638839996960834,0.04420771572084821,0.20799308626910898,0.21337075473723327,0
0.016436675637548477,0.30451291481795784,0.04314908313246505,0.21232501339333726,0.21048870467657738,0
0.014849453265430312,0.3256550628694764,0.035131244845704145,0.19975970802946605,0.16487789926470203,0
0.014742338618716868,0.30898999088797446,0.030750140371060792,0.18145087509088959,0.11405949659911715,0
0.016716363962638727,0.2917889179606947,0.03481503401373469,0.18280856294958592,0.0808577607750391,0
0.019527006677296684,0.22256487536324876,0.03701009305452775,0.18333970657538995,0.07536441095301105,0
0.022171101405525,0.21008836236584347,0.035879288604804355,0.17793766676654102,0.08584962012220237,0
0.026206186560442622,0.20130927264694032,0.048836085360070204,0.24057536914212516,0.09337334327533689,0
0.0335708820412358,0.3154819976826571,0.08013818097732053,0.318976845277302,0.10404446145545514,0
0.03341164198778001,0.3231628914431185,0.0805558845922004,0.3535232599204513,0.10946099790874086,0
0.029377525879552346,0.3438911027418591,0.078886148032114,0.3825031539449024,0.12073371551026228,0
0.02484143853893466,0.3914558506836343,0.0769785020608208,0.4145761038201673,0.13541672930610002,0
0.020653032625589086,0.4794603396100253,0.07962623432272252,0.4250823070478985,0.14821826121675427,0
0.06665307625268112,1.3799831777015963,0.39767707685438225,0.6977338395867522,0.847269303486797,0
0.10418880100291406,1.386372865110343,0.4701936787260138,0.8086579484354708,1.2311527040250294,0
0.10829075524868295,1.3553749553535273,0.4751744401810865,0.8438983985183233,1.2872014460618089,0
0.10900246493338059,1.3266846251322184,0.4741648557879862,0.8933783740387705,1.3138750876153371,0
0.10964871319217548,1.2627021513487238,0.4815047427249836,0.965877362991139,1.3422650036098889,0
0.10895764100239498,1.1107462266972263,0.4659224614573749,1.0132506566460493,1.343452562959631,0
0.10916973298799579,0.706226534161092,0.4034030915405552,1.0131002901036372,1.3400400113134303,0
0.10214122208951434,0.6685736185214746,0.32353601812618366,0.9365395194017928,1.233542362663601,0
0.08068375866080135,0.5525590065346443,0.13503503765503738,1.0243138419790334,0.8139526889554872,0
0.05661047567577669,0.5283780049896113,0.08179468193147868,0.9582220492873674,0.5465060186472548,0
0.044431314310100195,0.5470069028309938,0.06447112289634187,0.8089133898733536,0.37471543862166146,0
0.04367408967246915,0.5219625497836688,0.06348024148883259,0.7137625984171967,0.3250030757993584,0
0.04235119625067148,0.5066768599600986,0.05870465862499127,0.6199203462794434,0.27325120329192304,0
0.039026025116910584,0.4494407086176014,0.05734471329804889,0.6245439763068873,0.2221547868893988,0
0.033027826036190214,0.35975818976010193,0.06852920587999677,0.5582747654645155,0.16241243010311662,0
0.0305189416086583,0.21961600408136742,0.07427579656632448,0.5577828396659125,0.13609278781754647,0
0.02689296960420689,0.16790277909574133,0.08042265728958045,0.4087298814324226,0.10651324014138837,0
0.022990454625919636,0.13503729458756358,0.08228115138523011,0.24145702405076533,0.07921340596384951,0
0.022211849895821766,0.10915573480824234,0.08442562966947162,0.20450946279414467,0.06558030899715364,0
0.025671289774285407,0.1761055790337281,0.09243254876619993,0.23681543209594205,0.07036736125010065,0
0.02429555652877637,0.32461338088520325,0.08636195971405128,0.21129772875024674,0.06966187305969457,0
0.02195990577655866,0.3160930137850257,0.06044564850301191,0.22113901335714395,0.05697707464346863,0
0.020790283624787777,0.3219448950340484,0.05783076907287008,0.21889959217493615,0.06076607003384734,0
0.0187753573105814,0.32377741796021536,0.055946675629999276,0.20821267629072265,0.05564876192720771,0
0.016489210854507465,0.3508145845315368,0.05163648377145891,0.19972314373210637,0.05062032926477431,0
0.015125320629788322,0.3450559316826495,0.04912057437536278,0.19568488238486054,0.048950101535874035,0
0.01702504345740566,0.30948395564580633,0.04523505398492256,0.19198083620567202,0.047010964325162864,0
0.018386562214472938,0.2518222185272654,0.04229765887653558,0.1945490748198015,0.050553516523563366,0
0.021478389507558263,0.18150637449295945,0.04011887227005234,0.1889467447446292,0.05436242850313784,0
0.022179379534228123,0.2236100311613689,0.058339427200731084,0.16120646021950186,0.05974922230232978,0
0.02141871155693146,0.23507498833994306,0.055466580281597753,0.14686967853978686,0.06667043606632807,0
0.02152512293759039,0.22570611692164752,0.048668289852368714,0.1366940292222051,0.06653815220345702,0
0.02255863595023681,0.2206554582831516,0.04358221014454759,0.13559413968854414,0.06926226960473192,0
0.024128529511237097,0.1560761351392494,0.04350783453173927,0.11575513693817305,0.0801256462608952,0
0.022472302797829337,0.16070069250281194,0.04482543641366506,0.1027243913753175,0.08670250862299211,0
0.023130268422704967,0.16029267936274258,0.0369262179698765,0.07411317728840072,0.08078145358277719,0
0.0277966669675929,0.08721528832885442,0.014890848581270332,0.06290315885064049,0.07827134336905606,0
0.03527600259800169,0.11060339259845206,0.016946908130640665,0.04385808931093041,0.06745722131103302,0
0.037988336265884826,0.13255034526383594,0.018502790351512775,0.051153640785964294,0.06584695915506915,0
0.04381246344012675,0.13239112959262994,0.022173455891807848,0.08092856155183534,0.06314109809749639,0
0.04619932595280714,0.1370755772201288,0.021408619374267183,0.09468425786985958,0.059122587790897095,0
0.039766010677986116,0.1746956607077053,0.031394988491488515,0.10050877415455339,0.05576659050508007,0
0.035437624031281464,0.19995499564722136,0.04043639554887747,0.09608067385671068,0.04834668941748371,0
0.03128973931984601,0.21066066366590924,0.050148056147383435,0.09950624225562464,0.04384605104294036,0
0.027249850453464584,0.20376348811670275,0.054196181578657444,0.10733397972572634,0.04247644690914664,0
0.02479529137731412,0.19551964423780663,0.05733428486457799,0.11344323144250179,0.04250147004241563,0
0.023472074315759768,0.19003058436077022,0.060847929257772146,0.10021508261532579,0.04476589385945329,0
0.023332907899926147,0.24539691606417469,0.07912449576527,0.09079211288653102,0.06026550202399352,0
0.02448352157877199,0.2608480963845268,0.08499193252530347,0.09172944471536189,0.06528815385105914,0
0.028693827328216404,0.2530839291852986,0.08369566140186022,0.09666948888234554,0.06627472343090056,0
0.03240300532131125,0.2150276341641192,0.06894052189318801,0.09382366971998596,0.07247346113188599,0
0.03298493328806999,0.20773293203398663,0.05729688761293156,0.08384567241238726,0.0742478863885919,0
0.03223864871902938,0.2023465244497334,0.0515141586972093,0.07868059971835442,0.07010541644742999,0
0.029877262171408847,0.2063078809338053,0.04905507322075165,0.07758976710357239,0.06348875110294559,0
0.02820449285314826,0.20605205561921852,0.04414313691047298,0.0849672744155249,0.0564955186203133,0
0.02646889630767955,0.18439752652826846,0.033140521966058524,0.08102246526308461,0.055230035947833746,0
0.026483433398330158,0.1207641763654708,0.008246023552006335,0.09292394931088963,0.08364094503699974,0
0.03333281826279201,0.11861532370243189,0.011548217892240645,0.11699258612173899,0.10388661491936393,0
0.04252250383400395,0.09411483585770969,0.016659145316053614,0.12594010420934953,0.1153646859652834,0
0.047220838327027746,0.06256897059171121,0.027168138771544052,0.1877743704936148,0.13421362120136918,0
0.04618401226291282,0.061701848665253925,0.02696662802641085,0.18327876152573191,0.12768567142721615,0
0.030464754462134987,0.19068950847526475,0.03105298354378696,0.17631203549182461,0.10719475272234513,0
0.031134569752757062,0.30625381693112247,0.03329485502337159,0.19465947938076492,0.14135583934921261,0
0.031489271058113034,0.3341617799866414,0.03905977160838511,0.19929596974334202,0.1477913913562922,0
0.03127424489549577,0.37178362447963165,0.04395692955377552,0.2019912175075998,0.1657566097647391,0
0.031046909616152984,0.3996360796467429,0.04767682700174726,0.20471387849962608,0.18545082493355458,0
0.030890812926310213,0.45742883480343216,0.047252501212084345,0.20758084879563046,0.19749980119335792,0
0.032525504101300916,0.4539436815898245,0.04720169408361361,0.21952303758811884,0.2048998992356877,0
0.03283904260515592,0.41359844046189115,0.046812049442171835,0.2355571814682802,0.20408857394150762,0
0.0332054329522875,0.3943367253400002,0.04148202982657352,0.2644114246863759,0.2023465041013,0
0.03268163561616475,0.32588091401260344,0.03883969209177836,0.28771156147573324,0.1903789564855821,0
0.03190544041151458,0.3515455092604479,0.04136238273657605,0.27843681722093894,0.18555752778122367,0
0.04077322467896084,0.396608568915236,0.07179612370784424,0.6431137847477557,0.22392902195254308,0
0.04261489047839977,0.3548946778426847,0.07049527218817511,0.7882520164303338,0.22288424834266757,0
0.044911443304594525,0.28267418839065617,0.07174583890034135,0.9496170757321462,0.23705809832813457,0
0.045769021932353285,0.26743526404226764,0.06872847390950716,0.9539655950961533,0.26014313971919134,0
0.047578924567358225,0.2752288214870482,0.06879575579180108,0.9434946194971838,0.2706007525675427,0
0.051486839310588936,0.2596184546144053,0.06892354492500614,1.0558287840469442,0.2750203790055701,0
0.05296235135931583,0.2316271903377524,0.0620545765558417,1.0403792732162767,0.26719550977183215,0
0.03972487096308748,0.10559586500772385,0.03655026927904775,0.9576170868114847,0.18885151440556586,0
0.035448619605092234,0.1608361273153905,0.09403650581989476,0.7221387393532843,0.0945281597309734,0
0.03335653087628449,0.18244446464692768,0.10371708765124141,0.7439502144351294,0.07908648167294481,0
0.029724433338135025,0.19612908184601602,0.11098412744901598,0.6291724809350752,0.06638944537939664,0
0.028980207535060188,0.21606533672969283,0.12036374048323228,0.6418193098832762,0.06074762568706062,0
0.036418382078751615,1.4248861496381287,0.4543202159422927,1.4361938728347385,0.6840792441577024,0
0.03305328251815348,1.4254696604544943,0.49612159683160845,1.3834918119757313,0.8088164516376152,0
0.03995138859596625,1.8399768359616295,0.6981567115738045,1.7029026028055654,1.2900399130053177,0
0.04183957844989445,2.2396642776144486,0.7765151075750221,1.8219547382460373,1.5281972419388332,0
0.041007492689960914,2.298568747737013,0.8141915287503769,1.8765889654073515,1.599588727276577,0
0.04242129660005296,2.2516403784094834,0.8304624108636023,1.953744540651472,1.6562297646826512,0
0.045505180793960584,2.1585606568958733,0.8297544997468714,2.0412393771267405,1.7102631830990696,0
0.08472019968616894,2.005898318344486,0.5923107780544576,1.5367369117282734,1.879527395202728,0
0.08510670091129073,2.0859109523883186,0.5522718942246703,1.5184171868171874,1.799964246722158,0
0.07862772342252711,1.988250931775021,0.4755292726932009,1.4441356293875982,1.6309595090781515,0
0.07143977463878218,1.7569227144216726,0.3530187740636491,1.1120702957427482,1.3717148663729053,0
0.06622927505630118,1.3550199569452146,0.2752912271001292,0.9734184740296261,1.1568607287015702,0
0.06533599224883177,1.2846763727427664,0.23789377326842914,0.8927139626701208,1.089101249371389,0
0.06498062331371238,1.2693197851449383,0.22267047067817466,0.7892462504105546,1.0250214618176678,0
0.06675301099962394,1.2434488254997587,0.20516298704417069,0.6532990792661914,0.9332891815666473,0
0.05197982518501502,0.9470436950255765,0.1540861362655878,0.47880787716570283,0.5982465949139227,0
0.03248747088587524,0.4768890584089629,0.1139982656251729,0.19867198300241148,0.2936972468099991,0
0.030654871007857177,0.35078944173703985,0.09724431283415473,0.15245398141815253,0.20515277788631994,0
0.0325009359721994,0.2548861471178788,0.07834597006744551,0.13468898908726332,0.14803274395157534,0
0.034718879792930604,0.1649296663477245,0.07284160971409578,0.12341722138839542,0.11582424459060625,0
0.03946111071192673,0.14373551036962148,0.07564167361038274,0.13106541286805568,0.10034426104840291,0
0.04468406170662279,0.144909528523268,0.07769034953957846,0.12577365356041378,0.07856851517184377,0
0.06080877412154397,0.6438086962542338,0.18898220988643202,0.32944223339506146,0.22762875753012116,0
0.061327237733349485,0.6446857564399882,0.22701670514751454,0.3467168241151689,0.27833284139839176,0
0.060373000124310836,0.6699517318877317,0.24778890168914658,0.3565298175085662,0.3383967660150554,0
0.0645327414993297,0.6706105655741155,0.26165273864889793,0.3842897383959923,0.4076254194980873,0
0.06398309629213508,0.6721750297116647,0.2669648785745884,0.4092963779051823,0.45227209162740956,0
0.0606318108976889,0.6469299446706339,0.27450582962874825,0.4253399049873189,0.4726416598988156,0
0.05737383112159237,0.6034906253013878,0.2815032979502033,0.4520746175441813,0.4863990153329819,0
0.05292438694692923,0.5620483816279711,0.2926684452774078,0.5247861252549606,0.49056171067157084,0
0.046585884590411145,0.4894207469691893,0.26229349005118524,0.5233405543282389,0.5106347856758804,0
0.034220259619905956,0.666520175266818,0.2350865193669566,0.5214509245228875,0.5649348840517029,0
0.034723708382415015,0.799940583973154,0.23223552306245926,0.5101223001029023,0.5679718750078467,0
0.03607593878242228,0.8166396428633481,0.2461811072434283,0.5070007953948182,0.5566226997865911,0
0.031313934382550215,0.8252461357371341,0.26357455543671743,0.4782393830989524,0.530688122022174,0
0.030284539832030676,0.8108601068636915,0.27391473150494505,0.4391301926660313,0.5114789766214253,0
0.031255828950355904,0.8099986805941548,0.27570990404536927,0.40189696769061706,0.5002528884873743,0
0.032880240025476,0.8052160321880034,0.27821723685196365,0.3600540281642662,0.483036455990414,0
0.03261825483644458,0.7793822436877204,0.27282087776919894,0.30902507428551085,0.44413124103086377,0
0.03141649612491211,0.7264304505856793,0.27092424314388597,0.31288355777520904,0.3859624919347912,0
0.03095617525747707,0.23132757591060832,0.1433158603697376,0.25144840094786386,0.23967096748113487,0
0.030259848319685912,0.17486729876281232,0.10291785154123027,0.23207134246699562,0.20133294016798614,0
0.030391972826176693,0.14774715989456588,0.07108932661597356,0.20734490117893886,0.1670451979252922,0
0.031125894014093252,0.14635322354840014,0.05565525337773518,0.18630594141557896,0.15240832422365425,0
0.03308644493588138,0.16131511272927362,0.0481556382980125,0.16354378339854073,0.14958976093724666,0
0.03477734276934396,0.1737883696735218,0.03995781539406924,0.13774863417912328,0.15279600567441892,0
0.03719238183123903,0.17369643998957446,0.03561337359715856,0.11354369625166214,0.15181573431127948,0
0.026968796594591716,0.285898615330339,0.03425843386260376,0.13420912160964651,0.09188428249338607,0
0.020443513409340374,0.36455859117508027,0.05215425058481994,0.1505942697853971,0.07452395203035989,0
0.019024179976374588,0.4009296772373193,0.053376266780894875,0.15772975280400311,0.05942882605601716,0
0.01850182874532295,0.39327538630317804,0.05556671397653505,0.16597571709483283,0.05716188510592799,0
0.019386915902384616,0.371521646730733,0.05030074597549562,0.17064444272382223,0.05902392021304357,0
0.021338546070517078,0.31033414936692016,0.048259260198514786,0.18018496944072865,0.06231651837768311,0
0.02227330610127682,0.27219044910887813,0.04628000671695583,0.1949432046275893,0.06478188186468312,0
0.022385832186873983,0.3090700021523087,0.05618334820397066,0.18898762596243215,0.07356084212406537,0
0.022043638607060892,0.3318786317698242,0.06725529257995438,0.1848059282925856,0.0890736933253468,0
0.019136645134612173,0.34798943551045586,0.06746576557371131,0.20134825543029394,0.10559101578094413,0
0.019338410444521253,0.30825900439335474,0.07054777875661156,0.2027770696716305,0.10590712195664272,0
0.01876430857582269,0.2505503702443776,0.07267444458975147,0.1963716527504223,0.11316810570938567,0
0.01731928247806274,0.2378439851163184,0.07116280155432492,0.1936730646042306,0.11809582396772496,0
0.01643264783512725,0.2355813348897044,0.07429185734178369,0.18907984462563315,0.11770323040064927,0
0.0193997806673242,0.2506817219040611,0.07197991742604753,0.1548741181495552,0.12628031948411317,0
0.03683806114438871,0.19800649237440798,0.0350576873368794,0.11696681461894978,0.12576393291494187,0
0.04233277134822565,0.19609708689414074,0.03334499206332103,0.12114833814399857,0.11944330060119401,0
0.046859423656322355,0.20313310254243597,0.026349767911365517,0.15328003084542074,0.11224487186746787,0
0.04669936871664214,0.21918065740835044,0.026362716546451177,0.1523508581498265,0.10437122726846895,0
0.0466036524583924,0.25289961486554313,0.02454769280803492,0.14462218481180253,0.10217373946713985,0
0.04466553872160432,0.28932547696497884,0.025783432198483974,0.13858885184484326,0.09598090469513643,0
0.038254435537803784,0.3362859888512762,0.044223762491152965,0.1539731269911194,0.06524617828230914,0
0.030276839235065196,0.3372134707804929,0.045475159568917844,0.15772537678359705,0.05341380544818051,0
0.024578968799458815,0.3148188049208972,0.04310036751245989,0.1487449208217553,0.0465246391591105,0
0.02145070479622275,0.301181051499398,0.037982082725252365,0.12632714893852479,0.04410587325790975,0
0.019027166152339382,0.315327069537492,0.03756832762109058,0.10149213244100033,0.04585665580477296,0
0.021951649346773447,0.33928373002923756,0.042124004278303775,0.09082886384844545,0.04834258957686559,0
0.025354362285541283,0.3371314623109653,0.0454559852344599,0.09127946231339205,0.05296472832842588,0
0.02793978562014352,0.31435714383057933,0.04958094358794399,0.10092106608359194,0.05535971947290551,0
0.02931637923279672,0.2739375807420016,0.04749676589949896,0.11279841892981471,0.05441964888042121,0
0.02826372880191439,0.22438608928289513,0.03892949675803718,0.11280309354832266,0.05781067588199055,0
0.027745019372528594,0.18757980984116618,0.032369359781366264,0.10348642534295441,0.06459557894158925,0
0.028324440229179536,0.15455770628825521,0.030518089650027745,0.08897515150334351,0.06446391921757774,0
0.02985507247197023,0.1429706582959238,0.030126704498886263,0.0805757703301427,0.05760067268049649,0
0.029937943822946168,0.14101907656328166,0.02922040206558204,0.08230938913048647,0.06246298364145327,0
0.03320065837690247,0.0957426444872316,0.022547311446690754,0.10222473851143979,0.08859473128487363,0
0.035379441364928654,0.0811167083384016,0.018822440090455285,0.10840386389903793,0.10327926681057491,0
0.03742329983506247,0.06703031546997004,0.015936739450389172,0.11143033428499775,0.11952613079349901,0
0.040969978311417785,0.06165069766083013,0.014850870169792002,0.11630776195940999,0.13526938177066147,0
0.049338695765566425,0.06994279052515895,0.013576086484284674,0.3015979740280636,0.15290287821263343,0
0.048036845300221925,0.09739993305212855,0.020229851181485167,0.39573578886943944,0.1935860699053515,0
0.045661878765925694,0.09949565207786096,0.02175012963327028,0.39108635016108356,0.18795362488033626,0
0.02928250661608941,0.5035278598183528,0.061634770908619484,0.33434453188573027,0.1976721597448447,0
0.03417123628373407,0.5081159755823605,0.0802354367021593,0.34533617645777703,0.20361251729835067,0
0.037253194463347516,0.5290487609453247,0.09409545997937349,0.3731649139402654,0.21839313875700542,0
0.043066756015535994,0.5989786615991034,0.09041586227184169,0.35662715901025377,0.28725410703758203,0
0.04521793953700529,0.5778206149610227,0.0856091047894276,0.3580569901031242,0.30738791191030834,0
0.04763560859919874,0.543062346381866,0.08644647195562724,0.35443410226539374,0.3158197855821734,0
0.04811511912186615,0.43658937121884467,0.08652187765559956,0.36596828873113385,0.30790111550312416,0
0.04684166815529773,0.26941745265746075,0.0774991374087994,0.28648310699028207,0.3058012842489246,0
0.04767320863593509,0.2957763840216863,0.07388230841692242,0.27595106797270036,0.3257172781575367,0
0.05158323010089816,0.45138039494200044,0.08106770673018411,0.534936815383755,0.35470261018040883,0
0.05415439020039161,0.4039457364989437,0.07959350509213522,0.6966721876563415,0.33926283947191893,0
0.054173443342876645,0.37997394075863383,0.08409008064576953,0.8338914896998189,0.3226642307377276,0
0.05378387679200147,0.37615058289152625,0.08565413064016156,0.8132176972222229,0.3163749638631955,0
0.053962693181456224,0.37723000541494656,0.0834310569930378,0.8157826081284055,0.3059867967745883,0
0.05464257020368853,0.35562021272678507,0.08049900902447854,0.8936818819593769,0.28777433020837434,0
0.05193118429264615,0.3250667830541394,0.0820373777678176,0.9957002662928481,0.2620721099011489,0
0.047792740514783834,0.2966792402439377,0.07986032351458229,1.0744673801851758,0.23508937070971653,0
0.04185522394564468,0.2712825157670224,0.07944667288494424,1.196712598657643,0.20393231406648843,0
0.03453478661095215,0.15751498901941882,0.07026654063399397,1.1258323004037694,0.16007274864658635,0
0.025210098384384972,0.19221230711172246,0.12311876440627392,0.8469259075138854,0.09889098585135059,0
0.02814893137398249,0.22144339928537765,0.12940126604977673,0.9073520175526628,0.07913377730035062,0
0.030515384963777602,0.23105034626280613,0.137352851413394,0.9305236751970553,0.06801503359198947,0
0.0335828365953476,0.23668631977097357,0.14016356788935286,0.8700176094178728,0.07413065631833082,0
0.03918075420793015,0.23849679038418808,0.14702277022662558,0.7728201030113868,0.07214163897724801,0
0.04438795401338561,0.5359952712989621,0.1576856277622241,0.8083403937137495,0.20629161296615636,0
0.04444672670048934,0.6017091963385963,0.1580567566075925,0.8503184935367024,0.22452426897505534,0
0.04258801902554543,0.5968750464165797,0.1480572221152405,0.7811378816472624,0.24979392934235528,0
0.0416850317917815,0.5628834878152725,0.12796354965952883,0.7074593122659848,0.3196385711515019,0
0.030345751791085042,0.5886901391751614,0.13192610142161804,0.6907500438765904,0.53258491373927,0
0.027231600925494166,0.5861410264377385,0.13861495198107437,0.6565394886493008,0.5586606577137012,0
0.02520186244461209,0.6055789403439201,0.1395680365641764,0.6457837678853106,0.5714955579158072,0
0.025510158444464102,0.47585832063361905,0.13001008200839143,0.61343409970469,0.5630703907696077,0
0.030150686956596322,0.3961645154101133,0.12244761108154625,0.48772524769314735,0.530563074036416,0
0.0322796046366947,0.3215223170742729,0.11660829043410444,0.38298568388308574,0.5001498308273751,0
0.031169609180641784,0.29948875704198846,0.10771901976654064,0.33103632338296396,0.500760084429864,0
0.030642379928119877,0.43365337131156884,0.10493227118785269,0.33577169260685624,0.43377062416786105,0
0.03143110670748459,0.4750440374593364,0.10466706579860426,0.25584582722117394,0.3213239679241048,0
0.03185823958137462,0.47800117645998846,0.10774219116711596,0.24969991564466226,0.24684298880967157,0
0.03181718883360741,0.5160409487733834,0.10635097668555013,0.2373505679217142,0.2156914988305055,0
0.031150866642337394,0.5117362823480446,0.09945016893805333,0.2037748367481546,0.22015306540682084,0
0.03931466227901431,0.5042826206564135,0.0926427279696562,0.09717979611250618,0.2157706050441182,0
0.04382061820286748,0.4702629630542853,0.08772368877088901,0.05890746966904252,0.19898296611722183,0
0.04872313895626551,0.4126702181902876,0.08051907979108097,0.05807804759000251,0.1840961118846772,0
0.05073373201990407,0.32167518658847705,0.0721070210111932,0.052857346326690244,0.16543969405722375,0
0.0528801057152732,0.245527099192366,0.058441428884127976,0.05723533057063433,0.13632079375542613,0
0.05375608771860244,0.19571116611938894,0.04728484105128466,0.06390761610436682,0.1167765527165685,0
0.05236460126814476,0.15987298855965376,0.03846707886080577,0.05680299660870698,0.11053535344779161,0
0.051572707367449275,0.1268805600866911,0.02972429800919879,0.05751809705890616,0.10651274187001214,0
0.050042223778139494,0.11363848628665947,0.028053630767239428,0.06010938806766251,0.09450471627089146,0
0.04536025061561834,0.11912855154299266,0.02407611536907602,0.06111371103869673,0.08478229695404932,0
0.04122386719747632,0.11169146295886863,0.024239170128257694,0.05701628907755142,0.0810681094174214,0
0.039407722322543665,0.09852894230734331,0.019130150587569516,0.05622462292450662,0.08483630305330983,0
0.039857921014003685,0.0849294589808502,0.013584419616555482,0.05942764785650643,0.08690506181573245,0
0.04264495878835406,0.08128677440708267,0.011216722569405818,0.06219150820180959,0.09150697682970314,0
0.04546683765110868,0.09296743490156172,0.013182486082333031,0.061944232824592584,0.102626579898131,0
0.05031062658568688,0.10033958217770626,0.01603801515455038,0.0630148141579168,0.10938593186773438,0
0.0582595761548402,0.13218073219609616,0.027045076443491883,0.05485832797354802,0.11647127420238597,0
0.05404823932333437,0.1750717796006391,0.03314386900333209,0.12234270318319629,0.09082475564935068,0
0.05082793595824129,0.20457062131125384,0.03969004084837557,0.14087158736890665,0.0850601618423591,0
0.04206831759172676,0.2654543158666943,0.04580445447462728,0.15146866022924624,0.07633959445523734,0
0.03850985717269508,0.2765181009673642,0.0422145774774797,0.14766363290562493,0.07889044459631858,0
0.036050103741165324,0.2587497460473779,0.038298971902645654,0.15220055142287425,0.08298212179199811,0
0.03463578091213575,0.2482803784080255,0.034084531102995086,0.14800708283441286,0.0865961538748171,0
0.03426294554876726,0.24578006822164172,0.03959518268951366,0.1513186411765771,0.09108536954538168,0
0.03347958265782823,0.25643377721836336,0.04325506149757665,0.14635692844647658,0.09699673997047412,0
0.03183528487814639,0.20494514475623077,0.0422379819014375,0.07876404154528946,0.0748291334596397,0
0.03221097288360886,0.19116443594227744,0.038748535823232684,0.08275989604815567,0.06659481860176271,0
0.03252906541558674,0.17376664203610898,0.034973367488798,0.09369606211321163,0.06327208499083666,0
0.03509933697911916,0.23211291374316678,0.036318604527682666,0.11046262505001798,0.051612894815856056,0
0.035754953981324354,0.23350177080542228,0.03319429582392724,0.11357628161786511,0.049169936408670886,0
0.036236166568846845,0.2199519802780372,0.02924599799717143,0.11109564395267688,0.046425187293937284,0
0.03723906547416368,0.2074834615999724,0.025253186245624393,0.11041437941353294,0.044835220962983126,0
0.03957977569517422,0.20122157772781515,0.019608422669456414,0.29148179445085765,0.057409672434754276,0
0.03530311837472597,0.1602404335049224,0.1191880853389609,0.560085937268626,0.07659300861074389,0
0.030954047655692485,0.12274507566732254,0.12397624318779772,0.5699532353293905,0.07989630875094356,0
0.029610151760840142,0.07726137708734152,0.1289976301038631,0.5899591188154601,0.07581101852121082,0
0.02562579729716093,0.06207262713789995,0.13294822394724398,0.5884358056255313,0.08362232361054214,0
0.021945811413668446,0.05637231364058504,0.13884949961232212,0.711677704410879,0.09511559319170733,0
0.018057872788450696,0.0502802831513085,0.13894130627985998,0.7070299543081606,0.08751901579408015,0
0.016591390856622767,0.04622573449003781,0.14441017085770275,0.6148859588333884,0.08466589863813252,0
0.017815579503529445,0.05243695750383862,0.1491346378015643,0.5289518693241742,0.08772617759948917,0
0.023507998092615345,0.05739582397472354,0.111079818943112,0.49213094620012565,0.08776030846598737,0
0.028655335765431923,0.09995549649654357,0.04796601514759264,0.26072200704417453,0.09528376529610927,0
0.031592542039360884,0.1280521332688836,0.04475305132906007,0.24161741359158576,0.08953124187792617,0
0.03265085883519878,0.12716115780418447,0.04224816653465279,0.21158461514289936,0.08772173833271282,0
0.03387816308886651,0.1387795199332869,0.03987894120484072,0.2165000639230798,0.07665586319399907,0
0.03647825194945798,0.16175395707836127,0.030966692919385103,0.09715568311278241,0.06483199635954781,0
0.04085567288386412,0.1876909783367991,0.03471100240495316,0.10757411912529535,0.0657170347010698,0
0.04172701064277502,0.21020711515944107,0.032019256987343495,0.11787326536522058,0.06134240151522803,0
0.03949813831973271,0.22377671938953356,0.03062778942821868,0.1316156705875937,0.0592279203208535,0
0.034645547311208794,0.23116372059665072,0.03431963745970819,0.12681055133145122,0.058473230723118455,0
0.028872956282282047,0.20455845227726374,0.03562953256104902,0.10503039628532684,0.05956448865339169,0
0.028187292575727614,0.22659235298863392,0.04362070956160882,0.10512220346975114,0.07073658646348586,0
0.032929130369655,0.2963541467805916,0.06069067536808055,0.14591033138231993,0.09052013512512766,0
0.033328645276179035,0.2940656944183874,0.06756186818671248,0.14943937460065357,0.08962412124122643,0
0.031342915848465824,0.2735715070279973,0.06699598196127078,0.1376547040276039,0.08850310715787141,0
0.02804123780454723,0.253226779997921,0.0663844886644019,0.12402496529225804,0.08706214070133073,0
0.026054339431033975,0.2493201701747735,0.06286772989844171,0.11530759855246282,0.08245688192131685,0
0.02560513631254121,0.24769469945399014,0.06256080522748195,0.11177483592257811,0.07082781331933061,0
0.02649772397004837,0.2605019214433005,0.06506286052360649,0.11546473025259711,0.05944656987409443,0
0.024433525325629677,0.23342405218306322,0.058962781571288224,0.11067350762104464,0.052313063745756484,0
0.020990618231183568,0.19550240341438524,0.052686469835539596,0.09220549550148847,0.057298250969153044,0
0.017915617461300323,0.1326984038225599,0.032716236842375776,0.062327545115937855,0.07833891288382526,0
0.019354400489395306,0.11934190123160515,0.028869538734941032,0.0629722461334874,0.09455309799476139,0
0.021738099026619873,0.12190546490871232,0.029895565404107444,0.07086377042422862,0.11167830826982308,0
0.02628138830422347,0.12848704932786317,0.031113885638533213,0.08070001983712062,0.12734354895753813,0
0.030684607065670055,0.12364312358082512,0.032006501386980205,0.0843575451580459,0.13833724477939155,0
0.03427718910312409,0.12327258962995791,0.02973050266125815,0.08110166925897415,0.14823672304039512,0
0.034934282564077455,0.15458960994850526,0.043808103472633114,0.10784029484280144,0.12084728720898283,0
0.02506712083907912,0.17906972071744362,0.04365340017822755,0.1552560124098054,0.09898119093365414,0
0.020751410308897635,0.2024160912666515,0.04724020811236875,0.1690767222219423,0.10176359523736203,0
0.016992825122697893,0.29569824364378267,0.05115884553842702,0.22727371252663967,0.1011509322873622,0
0.017272387299856924,0.3261816152150233,0.05027354828020345,0.24263006862419867,0.09622733813560821,0
0.017845805437731066,0.31041170214953206,0.044370402467335236,0.25914276030489247,0.10141090541798219,0
0.0204028007078225,0.31929496600900936,0.038177647884024515,0.2834789556138133,0.10714757319881404,0
0.023148053889080103,0.3538764627973776,0.03908481242936183,0.3075096838603498,0.11443294336930865,0
0.020358596951569545,0.6096533908149327,0.072306622541714,0.5071019332467455,0.1702566958909442,0
0.020540356320999313,0.5458950936264311,0.07877439502601433,0.47590632606882927,0.16662049989434197,0
0.019671187899284407,0.5409554655499715,0.08364825895027017,0.47265072823392035,0.16449944383205065,0
0.020509083932207454,0.49926472604808775,0.08559295414984891,0.4509163354186959,0.17702080474860998,0
0.027954618709831937,0.4632769088554796,0.0853968245142334,0.3926101217504598,0.198596939144221,0
0.033962085927389286,0.437015219986039,0.0829017332016669,0.3695691724218795,0.20579419053193768,0
0.0412476852767822,0.37580013830766446,0.08409892488123703,0.20473186225051462,0.19848139505192883,0
0.04780424972636012,0.27959105343660784,0.07969529561883917,0.10446037766260567,0.18901098179911674,0
0.052175508594223374,0.1835247909316763,0.07219287475801617,0.10111349415344854,0.1764707385826238,0
0.056665896845821614,0.1356079437817001,0.06297625384656431,0.1506216447318573,0.1803733797838111,0
0.04636095988976975,0.19703267105218145,0.067920291545899,0.22160637731995486,0.16143032045655595,0
0.03917786643837785,0.20901054649141892,0.0718290695388035,0.2652956102070531,0.14474750054301264,0
0.03104928619903611,0.22706116742778484,0.07247567238747901,0.3083786056126369,0.13911392778691062,0
0.0237644424732674,0.27788834632811943,0.06498890015593668,0.3459649464261152,0.1403901519940077,0
0.03009796309024542,0.8177263851861236,0.15956741055819246,0.3960090767355073,0.2527926911852127,0
0.03611589575628364,0.7607736392422426,0.18008778745699333,0.38564138239616097,0.29608913706806816,0
0.03903400260566772,0.7631802676614395,0.19906068610780409,0.366159912553641,0.33343699067821747,0
0.03904535110121898,0.7932274319044232,0.20206708511617974,0.34367283448300845,0.35381706885813247,0
0.03885503456038113,0.7966230641985734,0.20232497682590161,0.3207266918453959,0.3529741947430746,0
0.03987402532391372,0.7608270061996656,0.20275416398979207,0.31483511518238155,0.34705740317657163,0
0.03983162112498047,0.6473507868728701,0.20052194451081248,0.3350270776812071,0.31683862784410266,0
0.039608653385242665,0.438550235755633,0.18320616811078766,0.347338431863489,0.29390922191631497,0
0.03778680198158617,0.25503757053532955,0.1550741727367988,0.3660495430757293,0.2901439542844896,0
0.0360737381961731,0.37971179329500593,0.08125149650053946,0.344703006545193,0.25214944748319884,0
0.03965303616668142,0.41487315064870367,0.06335773177843418,0.3266555084203703,0.22768476026066914,0
0.04578265996379755,0.39807172874521457,0.06322985961631272,0.3119824870307951,0.22266668257312064,0
0.051614293018626654,0.3905789552183633,0.0639894325418145,0.2874601215290628,0.220411317787747,0
0.054041580179332235,0.37780151527865546,0.06683690226496972,0.24852931244319426,0.21567806897125438,0
0.055502996221156564,0.38941450244227555,0.061036745171434,0.20062054496698978,0.2088531775712438,0
0.04922834892702301,0.34439819836757124,0.05588999550616223,0.11403261973367132,0.16982352077741888,0
0.03233663810129136,0.1334077214814563,0.055168351621923274,0.15984562273515462,0.08785389611751089,0
0.028927887825642134,0.09513471787054548,0.056102457101044445,0.19799898715839884,0.0743822446332027,0
0.023028191736539156,0.13841920217982515,0.05994544199496519,0.24544950531902815,0.04749584069525466,0
0.02261553726582652,0.15064206379965903,0.05914571693903582,0.2704028784896909,0.04093873757154556,0
0.023167905008554868,0.1628581519304228,0.06147106282045497,0.2909401140363114,0.041315919523708895,0
0.025289261658194884,0.19726087522561517,0.06338853034849977,0.3098604534809033,0.039295938066733274,0
0.027543043744945296,0.24465029665981142,0.060374077265636386,0.3210064231061755,0.03893650269625156,0
0.02872732786439409,0.316073109530593,0.062133880475275946,0.3208254548402324,0.04226167049646872,0
0.030111932222196786,0.5294243475427021,0.06519885441382024,0.401568148622211,0.051662124168027956,0
0.025385844279279833,0.5325967868723386,0.0723689355622813,0.340007941999521,0.15699793743662438,0
0.03389747621940105,0.45643160154836043,0.07121783149273284,0.3622189251995212,0.15481017133690836,0
0.037204752655795426,0.38811335915142686,0.07329543091393878,0.278378827709608,0.15754660832585987,0
0.03623803625841731,0.33887337224407527,0.08034260525614309,0.3029610581447604,0.18142485020264704,0
0.04937497445857496,0.7925960103491354,0.16583938757325745,0.7585154346057275,0.45727974823055256,0
0.051733731294994104,0.8846824451329759,0.19328211492108494,0.7669819893307491,0.4706677990601473,0
0.050497346088575625,0.8558838944904394,0.2091080680109699,0.7627342315665689,0.47658076252872716,0
0.04914219552053286,0.8719091285360567,0.21817387748037348,0.7434409511921357,0.4803278784963105,0
0.048984055575955386,0.839246220884854,0.22052652065239867,0.7140926032418768,0.49533259678668634,0
0.05195708348088825,0.8304939724799576,0.21888098264765138,0.6807766139920145,0.5211745945035161,0
0.05430978064406812,0.811937406347284,0.21291525157863894,0.6320165224910105,0.5338440659197384,0
0.06245336180231211,0.751061713294495,0.1993628384432119,0.5753454579544491,0.5250153401309264,0
0.06641913638162567,0.6122319592345128,0.18799415307179698,0.42688243855183056,0.4734233212852942,0
0.06293735851184232,0.4304094346948616,0.1375318581340085,0.3178981432433001,0.3385730961175494,0
0.06168390939615574,0.2800263434872915,0.0949546010261945,0.2654392365035267,0.24397367317017746,0
0.06063933345134813,0.177595603202146,0.0671363720033821,0.28399190411535463,0.19889677393429084,0
0.056865216087396184,0.21337750741085554,0.04934749023471515,0.2848938764551624,0.1821612634062129,0
0.05037471021524291,0.22012547013216147,0.0429080888562288,0.3128485778203024,0.17503964841994263,0
0.04281733882401874,0.23268412428538188,0.04537580132875957,0.3449749103588231,0.15428021250490193,0
0.03593945393770205,0.247692642005462,0.048410274605271565,0.38108906053481995,0.13440982585512415,0
0.027348810655695017,0.2794298444154203,0.05108720731440203,0.41079453312711,0.12572793676689112,0
0.019546873864303174,0.33892054117453885,0.047275874675025434,0.43308641646981483,0.12471385885536819,0
0.014632456344586719,0.7203377393309508,0.07783055267722858,0.253377842459456,0.16113453716256565,0
0.01668253551879712,0.6229352290996945,0.08784172681578513,0.24377186035276818,0.17009718135518218,0
0.018380187539578517,0.5816859716739925,0.08802802821467688,0.23410343900742533,0.18508305061309996,0
0.020328849217033783,0.5632412345443698,0.09223848265937686,0.21411202851454206,0.1994365492200972,0
0.021363704205616407,0.5624168642293167,0.0873615288975885,0.19596859410560447,0.20710948590481695,0
0.02281422000249675,0.5135314537777153,0.08330005611852673,0.15684933734283715,0.18936345916239206,0
0.02179888578027602,0.45672418315510954,0.08937856652201856,0.13804610448458077,0.1723875091960138,0
0.01918905876872382,0.32647362665557167,0.0884738919036692,0.14075955898507608,0.1402573020101365,0
0.019737696276447565,0.12977002315991246,0.08015779826191125,0.1337748054533756,0.11631586732829595,0
0.02118723813930381,0.12523790480973365,0.07052590828675036,0.12551693161079572,0.10133754695190181,0
0.021800555793969164,0.14000293010648907,0.05720288617422459,0.11121362248108793,0.08674188766302468,0
0.02408538307205878,0.14508998454590927,0.051258112079942644,0.11130004013507619,0.06747624989154484,0
0.026062210143433028,0.14809734043915868,0.044146468947631454,0.10633028775100048,0.04135722993094761,0
0.027661753838347965,0.15233416379682188,0.04851798388536154,0.10024373544555665,0.028679321479689206,0
0.028110992062289362,0.15599575964351464,0.05124415738723358,0.09649780669835757,0.027581999286151376,0
0.029080774953324635,0.17074388196328816,0.055870239035330414,0.09355731108803284,0.02650956325316863,0
0.03053810637487652,0.19057735669534942,0.05837294564664099,0.09010695666200427,0.027680646030665022,0
0.0250581179458041,0.18824233996739842,0.0533309093811886,0.09358770723602437,0.05805242969327083,0
0.02063949946853706,0.1734293332844989,0.05107757349378404,0.09799476104476317,0.06359666160979296,0
0.017245684402758657,0.16876843364510644,0.04844310654373176,0.10391211400087781,0.07064995297144323,0
0.014981738652333584,0.1686135625739253,0.05171221325614237,0.10801934118433168,0.07312305411917294,0
0.0326443974814276,0.12717359266196,0.029030497194696248,0.08619233383015355,0.13533651354847293,0
0.06361395228055035,0.18308555387410425,0.013728769083738887,0.12754599439034067,0.13920737215610343,0
0.061078287699375254,0.2497956437649103,0.014982275199319824,0.12595416005326787,0.1322858930710051,0
0.05082644972109505,0.3572961406563344,0.020822007479818938,0.12331208994510338,0.09667973125057097,0
0.04500532910073024,0.39003631436335384,0.022035447329245863,0.13722461625468485,0.07563410740218195,0
0.03678036941731821,0.4001962370657811,0.02334970977589754,0.1467612905811379,0.055718927933026276,0
0.029323895878936336,0.3985171033725063,0.02472994434867411,0.15275185303205335,0.04176573165313046,0
0.023477536845958727,0.4051303942191873,0.0300184403096167,0.14242488128395991,0.03153993567135127,0
0.02679514408710535,0.365950858376685,0.034951129782075464,0.1000859813218502,0.056910205313800345,0
0.03131987817111974,0.3466378510441665,0.04206978348933445,0.09995117489778169,0.0666340696074409,0
0.035397988439691386,0.3122839782198622,0.046549887995629737,0.1045881883102258,0.07131928585530307,0
0.036955765927898176,0.27696879171158734,0.052035889866165655,0.10651810710587055,0.0711315345058019,0
0.03628524098040361,0.23934267696332423,0.061483676261302286,0.09490619763003696,0.06944591630313089,0
0.036605731190105,0.21192145456238007,0.07274426324361404,0.08664113101669477,0.07281834704179979,0
0.03722194380813128,0.1830956563049971,0.07986951170555126,0.07275030968006299,0.07753636652345752,0
0.03466050397000754,0.15708322662944055,0.07821328883886561,0.07271772499793039,0.08098247304339537,0
0.018311727836519263,0.15120355785495404,0.08240510535209195,0.15896623743718283,0.0516809678770247,0
0.01327807255668317,0.4559510711735816,0.06691497084127945,0.2595676314843094,0.15243823308364954,0
0.014723277521170914,0.4549851095440536,0.064317701524358,0.2753726956361424,0.17452617095355719,0
0.017878724118951445,0.4620689596264412,0.06392798290860334,0.28822286980489265,0.19513899220956654,0
0.019301240636540838,0.4742824098962153,0.05428932094634549,0.28522531592582834,0.22364622836291237,0
0.020969897265611954,0.5050924690704428,0.048476741688962176,0.25198437498271176,0.2663389562016358,0
0.02159092426315479,0.5043998232135722,0.04990956942417538,0.23421472477234867,0.2713637063686774,0
0.02315753634505852,0.41342915231409333,0.056342418963147144,0.19327415346259294,0.23902008363814278,0
0.024224923659609324,0.29906758829903646,0.05218641763068364,0.17866456914658313,0.2095580768563164,0
0.025228269177116337,0.21630670537451668,0.041746456412164436,0.15317657539912746,0.17633802668833531,0
0.026286167713909923,0.2210763253447178,0.039133763175075234,0.13147390904473655,0.15242535874288185,0
0.02486110853996739,0.22309611882292554,0.040281698273601396,0.10790252046526497,0.12498295522304095,0
0.021291502580974953,0.21576909610994202,0.04540410526294979,0.09722130002366,0.09431611902558341,0
0.022554558321852276,0.20033985076541905,0.052590788947063295,0.09361393455316051,0.07049179534256289,0
0.02686151337707876,0.1728039794473352,0.05826828063061207,0.08548239758628262,0.056102046439895845,0
0.02966276633785031,0.14499449654717997,0.06152933546861307,0.07547331263235615,0.04950846852904789,0
0.03621566020061125,0.12568016140605812,0.06398088130518255,0.04559571968146607,0.0691200174996626,0
0.03724989159724173,0.13628859963422604,0.06855689344077512,0.03579455308583189,0.07010640366947457,0
0.03727172194330621,0.15847667195621234,0.0733297360530466,0.034108936431658965,0.06361723865119015,0
0.03697829093145192,0.36242026901156044,0.08609186366547175,0.10236832466959023,0.08892337241840588,0
0.033097900343014755,0.38597286879163695,0.07412467539389235,0.10379003861239433,0.11513498161301872,0
0.03088319072631677,0.4108345313402314,0.07393700000151567,0.1215656272041034,0.11971814589518548,0
0.028102695296271775,0.42672719185053076,0.07181070155185479,0.1423068707736273,0.11190371691613685,0
0.03275700287220118,0.2833910832787599,0.05965556748236782,0.1653919134985214,0.10434924763362818,0
0.03330547717331793,0.21661003810184898,0.05975256685960697,0.1328250280378247,0.0987153885753704,0
0.031846396049165365,0.2422133919310419,0.06592632734746258,0.1420236634265685,0.09748005258034077,0
0.029734285465245158,0.281227442024954,0.07838709062717863,0.14891374553586445,0.0924600023072167,0
0.028053279185285433,0.31457602413371155,0.0855028321400444,0.1588184025926286,0.08236426435020607,0
0.026705440743400494,0.3336575398702588,0.09023203623326134,0.15508247446994455,0.07794566431724043,0
0.02545536309781594,0.33594649913701063,0.08890545630985527,0.14461484579891262,0.08659824053222434,0
0.01889639525468229,0.3841650621245061,0.08264173215201767,0.130386916354302,0.09574291560396973,0
0.014258558809149845,0.40395004668864304,0.07732000595055388,0.12371914543602573,0.09594890377772072,0
0.012049553661357976,0.4113602208520737,0.07574650631002687,0.11125358781437718,0.09517476351492549,0
0.023381609891561562,0.35095851982686643,0.054663867075352514,0.08464747813981452,0.08809752154169762,0
0.03493338790353037,0.31897164140665635,0.04144831889593394,0.060384560135687694,0.0899197643959144,0
0.039510827709890506,0.2993298032390826,0.037022453078889864,0.05682468605650219,0.08805914796507759,0
0.0432872283375369,0.2674423510195178,0.033515659006477946,0.06658694306843209,0.08303599936602478,0
0.04593378453699957,0.2358164027129233,0.030305837157631587,0.0642316901792582,0.07837866465753664,0
0.04680278067462444,0.21513994863108313,0.027195764331517762,0.06473331145316144,0.07572761140846532,0
0.047649427085976845,0.19468177006471954,0.02358672273530798,0.06621658575884423,0.07617293713007892,0
0.04762299295971556,0.17920120514976112,0.021472601085385755,0.06394815529928044,0.08080924509080481,0
0.04516752274581366,0.17829356711177344,0.021177875451703285,0.05960995727906215,0.08300962531449549,0
0.042886714228536287,0.1613329069965336,0.019032569091311735,0.059229977733889785,0.07759093347001976,0
0.041243982021327986,0.12963629016430406,0.01958354294034295,0.06239630933414938,0.07325660602534213,0
0.04018699339660838,0.09647448182406802,0.015333437595086551,0.06025908397999413,0.07533261962135332,0
0.040350336174048124,0.06940133826781679,0.014990892816762118,0.054086215635823186,0.07736937719121412,0
0.041123316257449444,0.057081894729702265,0.013879433470024006,0.04362341668319118,0.08091043865542977,0
0.04282473200058278,0.04960149326206258,0.012803052196284437,0.0382092845348256,0.08715196409147338,0
0.046173564288557775,0.03636465832182253,0.013674966628092838,0.03197265959858883,0.09371429841179066,0
0.04911907469962826,0.025113250788013457,0.013878248096951356,0.02611356122959278,0.09853151037426278,0
0.050757302439763244,0.01581235323407827,0.011624633961126053,0.022037592463273005,0.09858290980339769,0
0.05212249863253353,0.009445664962095868,0.009319849218533164,0.021522869298541396,0.09356130854408164,0
0.052973728174564604,0.00907179134742082,0.009636502559370864,0.019012385866304087,0.08989167128018756,0
0.0522986530131969,0.008853069008944649,0.010091700545496145,0.015416120956360102,0.08475624111303937,0
0.05070966253960896,0.009247627598179594,0.011326391299470278,0.01103709881173577,0.07902692512829672,0
0.04830422631655494,0.010428042627738058,0.012680494581572952,0.009659227058557655,0.07441859959499375,0
0.04382799807715236,0.01084035201895506,0.015634949632484622,0.011594781785011773,0.07228496084674224,0
0.041738854586059596,0.01133728807440667,0.016091054877426673,0.012959097993724283,0.07294844900562913,0
0.04001145419797288,0.012162751067506986,0.016694618425103225,0.01557237199260077,0.07319147920059768,0
0.02813682926225064,0.1121322872803991,0.024994636845371686,0.06159894782734465,0.05361989308751778,0
0.026238923396065796,0.13842082099621753,0.028657308476254268,0.07633642930050079,0.049905242694899495,0
0.020573003424010562,0.26330083349288175,0.03258307912924119,0.10990542754654661,0.0510197902906301,0
0.02192670230135046,0.29295738786731196,0.03278241364233287,0.12732010745246558,0.07985438700331265,0
0.02408494093178743,0.2846565338331687,0.02962884516651413,0.1318694126233853,0.09267883576706842,0
0.027929498658127792,0.3003991748967255,0.030173950316427466,0.12418072391921786,0.11373447894408306,0
0.03162295434435941,0.3224778450014103,0.030292916573918378,0.11860521560341868,0.132838305197922,0
0.034095707280728596,0.3392813826103619,0.03203885071207642,0.10621690185688848,0.14867929675576624,0
0.034885885612483514,0.3373963100520979,0.028918576287806485,0.09689090031221559,0.1564664198598817,0
0.03547061361268529,0.32395699811342543,0.028480492221880854,0.09289555657750243,0.1602963439954475,0
0.028453337566988625,0.28533131325423,0.019940476287165214,0.13065487438341641,0.13756680118395043,0
0.026255755558461963,0.3019579295112926,0.019933817707257977,0.1366855091541712,0.13120752584347328,0
0.02412247713275157,0.30901310454997005,0.021571614437051367,0.13616692594885021,0.11897116469129468,0
0.019765640294398618,0.3760235427383961,0.07200884747971285,0.1477744933956991,0.11159959204988797,0
0.019167391572218948,0.3864275452178907,0.07263149952314515,0.17132007328859317,0.10851655733909808,0
0.017454002496841068,0.39854627190475805,0.07640846216939429,0.20330240170098907,0.10395453914576354,0
0.01719941403488873,0.3869593369882645,0.07352939927961197,0.23133454189338853,0.0963269955252018,0
0.01767807450423522,0.36605254361475115,0.06425265804834171,0.22808370667786293,0.09019889406204316,0
0.01718052694617925,0.34337094615346203,0.05823891235233973,0.23412023661613507,0.0837178219102046,0
0.022071408202513014,0.36984627227745953,0.052974366778945015,0.36011866336114856,0.058105427848193295,0
0.02280801185849347,0.35379377047423644,0.04708523791656029,0.4146831683565935,0.040621495399817256,0
0.021343476654754494,0.31855205510993556,0.045173976173343636,0.3863920893688786,0.032430522341813414,0
0.03332938387581001,0.2261903622813688,0.03750173472392489,0.2682410956033899,0.08875880140436405,0
0.04081560440796489,0.22232068218057893,0.03051529272732461,0.26546109803940415,0.11330250499487877,0
0.04121420641774195,0.19868409877925022,0.030350110083505088,0.1820368778538148,0.12215426542622594,0
0.03980797255001637,0.15943759217976844,0.03245208162830006,0.13417936810118122,0.12924192880081473,0
0.03994501171170385,0.12277805925376355,0.029562550704931273,0.06443587157888923,0.13849175246314246,0
0.042150706710954125,0.09003649263101629,0.02620207658964291,0.061508824288326415,0.1369381369394928,0
0.04467040541108362,0.06411680283421178,0.025790115634077966,0.058809906682738645,0.12558056817447966,0
0.035869187628821665,0.039860927890453576,0.03411568751567562,0.06358413210225101,0.0815331322712278,0
0.02523036300650198,0.10235591563928019,0.045289022547802774,0.049856958947344196,0.04940806936826775,0
0.02643248295303549,0.11317473032133078,0.04316972518033037,0.0448440270434718,0.048982401983852,0
0.027430150813000015,0.1103167291789521,0.04197710194603581,0.04383588626730166,0.053397465664795876,0
0.029626330200052387,0.10843005051027735,0.04189523133508675,0.044307679371159994,0.06286375589314078,0
0.034917281993478586,0.136881562253608,0.04263788985548402,0.04104212690071205,0.06357599588976201,0
0.03755019824547014,0.1739958148597098,0.04293748721378106,0.03631323302455083,0.05937841457179484,0
0.038873633108452085,0.21662883082300252,0.04254429502578139,0.034933622628255806,0.051857652079820224,0
0.04443141146911383,0.30646141690602763,0.039513405350713494,0.035946260478410506,0.05425036440351001,0
0.040631953133080066,0.29770695713828255,0.04052701936712018,0.03853933866294698,0.05930058747457885,0
0.03422376962248659,0.3340275734916079,0.05292968064051684,0.06916692431184632,0.0406919816244124,0
0.03207339135707611,0.31943658197224717,0.04828812123323827,0.06810835686749268,0.035999900384313735,0
0.03272813128716326,0.3042526371603998,0.04569403628574102,0.06458174385472537,0.03477823957254271,0
0.03423886200607233,0.28948423134023726,0.04052821276330647,0.0625410596160732,0.035554944908039086,0
0.03529023137732738,0.2588764906983335,0.04006433751862428,0.0670541491343674,0.03357007650099343,0
0.036724483732681015,0.2394198413673975,0.03626719862327364,0.07586721443107265,0.031369712002121616,0
0.04012177285992252,0.25053831561515433,0.035185431344710055,0.0843759706560939,0.02407874371910064,0
0.042924094956754366,0.262991012025316,0.03375275919732977,0.08893098433072265,0.022483600404172365,0
0.0440258288153756,0.26499571189017923,0.027890469186049517,0.08668553538094492,0.023364500462201083,0
0.04543906783090458,0.2574183567443234,0.022877214032588657,0.08712575736921488,0.020300000153319266,0
0.03907831523587317,0.36005050706197944,0.0354234350227778,0.09537982656743281,0.027410359299018482,0
0.035665002950325805,0.39510961605092143,0.039536251751444595,0.09392285040493467,0.027902862801743485,0
0.032585750851342146,0.41904519146154984,0.04029704554399964,0.08654344460985894,0.029435982211125984,0
0.0221147322638127,0.39940165428618546,0.04569459346412682,0.06587938626929166,0.05259764506211567,0
0.04447767345393597,0.3624840986617518,0.04530427018568665,0.041887586282613826,0.12546744556974032,0
0.04937979241449934,0.30631299782722404,0.03953205367387692,0.048071113724200296,0.13615498351104646,0
0.05155135632048239,0.25423653059896234,0.03495456964248194,0.04865428111177774,0.14689200380809708,0
0.05026703747036869,0.2027412016260297,0.03422478113287592,0.05447611120041661,0.15539823890210092,0
0.04950861669470348,0.13640154830948542,0.033727632049096554,0.14387298894374595,0.14497338404483534,0
0.0465333192780504,0.12484556274327745,0.02749255064148065,0.15097076406043122,0.13612195311846786,0
0.041046599215008014,0.1227092227735385,0.029922186966157987,0.15472550373490374,0.12321436182888904,0
0.035018002838582404,0.07800509219837712,0.028859188049802385,0.15486942844725796,0.10610587663090591,0
0.018054887190967508,0.1322561664833938,0.04910770472470424,0.20086331550335612,0.051487346633735186,0
0.018147857180828293,0.17891595095452698,0.053126583292338034,0.22311577704285052,0.04579665183318687,0
0.017117452155946046,0.3165422890492465,0.06269902315643096,0.32904088388776226,0.09016343546829148,0
0.015167242046428147,0.3613185451657962,0.06648521226238732,0.34101025967132265,0.10784443175860299,0
0.015285089013661646,0.4001647750483969,0.06832257008968554,0.4078109219237058,0.11996078571497922,0
0.01577394851066012,0.393273142598481,0.06280448363666344,0.4239460021867528,0.13148454577801044,0
0.01736795823193957,0.3196616875316402,0.04626867481611386,0.4479220815279078,0.14668037832535682,0
0.01979909379068217,0.27763022201486104,0.04463438361421275,0.46039774802548117,0.15337825914091263,0
0.02319859836884599,0.2396179753767666,0.042519065321818525,0.4831071405675389,0.15512252711884583,0
0.027949622796327435,0.2276258096545592,0.04653807721673277,0.5062614125977418,0.158099500841665,0
0.03881125869915451,0.22488122262772733,0.05971595709446002,0.6674533900091667,0.19740726933551875,0
0.03546063977580775,0.2300735499908113,0.09022599503559081,0.8975641046391498,0.18196326241387273,0
0.031877209226606154,0.2594005527758645,0.09334879422416942,0.8992149204828923,0.17002457791250108,0
0.029909599542487158,0.28317359803045417,0.09632640642450191,0.9137607972171653,0.16000102683508988,0
0.029393195155314116,0.28046783690448773,0.10039949850672647,0.9254927338421297,0.14844318023442932,0
0.029253321946867104,0.3182586144753919,0.09741820220611362,0.9151091433467418,0.13334534286131094,0
0.02738600770255381,0.34242408899112303,0.09248289501724453,0.8920967981709161,0.11960707676514275,0
0.024146770733936486,0.36974830525128394,0.09296033144751473,0.7137691116521404,0.08611889475442518,0
0.02062204843069235,0.37568374822466044,0.09481174414182177,0.5464214817607461,0.06263794192474108,0
0.01765093258986484,0.3751206558272141,0.08596771255423794,0.3971830085917177,0.046672344114070785,0
0.021289185991838336,0.3054483962836402,0.06680423295283922,0.3766889523352537,0.06503018614459015,0
0.023309368676955267,0.3155520437881009,0.06811323427849639,0.3448132771167086,0.07469313173112971,0
0.024386149076929604,0.33928812154967497,0.06432950508065502,0.30787038466006644,0.08029946616365824,0
0.021876783716040633,0.30775395822987045,0.06413593349075183,0.2953045170885166,0.08224804352012131,0
0.020239323043835588,0.28399682090979045,0.06701256673569117,0.30693982692046506,0.08311109792877872,0
0.01904521156015296,0.2532241082121542,0.06700719736922965,0.3171561956048955,0.0875955941356272,0
0.020445321449233927,0.21734698253162016,0.0641427034334137,0.3221461919584905,0.08876411774086737,0
0.02332242972715367,0.1866679725853607,0.06333454385863715,0.3322655698987623,0.09373489453256637,0
0.024387062825562054,0.18122414227242412,0.06588938851636439,0.2712191950757186,0.09483660887728522,0
0.025553367418152312,0.17641783978441855,0.06871981388992925,0.19682016065585262,0.08977120969087046,0
0.02521489238060609,0.14701782856853987,0.07077906780812712,0.1921513666380706,0.08531639801701693,0
0.022924151383829576,0.10785024193012549,0.06969517128284528,0.18338086554655084,0.07932761799211696,0
0.021069835698203046,0.07741572720107275,0.06775026949081749,0.16903299043005987,0.07423007377085859,0
0.02217263938264834,0.062383909916146375,0.06600986330626968,0.16154412326710094,0.07306656319073404,0
0.027142974696808802,0.040271642854547596,0.05551361374425925,0.15613909038597013,0.07164691475015336,0
0.038250634066507264,0.12989838435905648,0.05183179425585351,0.10595642962426166,0.06208801052874331,0
0.04248311702543933,0.1756180930868592,0.05254896068934985,0.09268405995366183,0.057610292826808976,0
0.047051936393338774,0.24732892198303907,0.054008034092410506,0.08144430953212974,0.05115129288545019,0
0.05227706761719857,0.30983948021331265,0.05310261524437547,0.07573581766306776,0.04531840891062265,0
0.056278997718071565,0.3275759939050297,0.054098348602434156,0.07865807152957098,0.050155004249809176,0
0.058931122398069656,0.34325448816320014,0.05282540342811766,0.07683611309307765,0.05006433343186871,0
0.059367621632833635,0.36810972674303605,0.05349486234465978,0.06908561838145671,0.046453525852930645,0
0.05982491192469558,0.40106750819216697,0.05290464703576123,0.09954240974351986,0.04232212392666135,0
0.057470699616027035,0.3693458268353721,0.04705654077637812,0.09671941386301482,0.03387384472280931,0
0.05482908650172236,0.32953376915175947,0.04453273198006728,0.09850671047919429,0.029817339482603233,0
0.05209365478571165,0.2877922219013761,0.04388465504969323,0.10996192394096878,0.027402271961254037,0
0.04936475145832796,0.2212184192062276,0.039888853504078746,0.13037409353431698,0.030002708429437634,0
0.04367767561595618,0.15369172270326772,0.042060365556148865,0.1832532327285102,0.024843719642494946,0
0.04235840563225947,0.14835304358257745,0.05113167317216381,0.19192813194035077,0.026887902683759846,0
0.039811827509509526,0.1309118285247312,0.058260679246578004,0.1908823195432048,0.027659440344339488,0
0.03617741293004571,0.11431260632432025,0.05982451412389187,0.17277875006110682,0.027377640276639574,0
0.0212308648939079,0.3205382122725702,0.08349793509036804,0.1524818313337524,0.023737751390754652,0
0.021909131423556626,0.37345054958715834,0.0894682728399033,0.143614126786096,0.02543122088003465,0
0.030933757732954405,0.3696666352591319,0.0787046228565099,0.15758345929949732,0.035734402831510595,0
0.0358468639980586,0.40213725347951446,0.07399760132582811,0.15900956133693042,0.04022201225029143,0
0.04493014671930145,0.38673043507610994,0.07703099524046272,0.1556324354041813,0.05920476921590263,0
0.0504414129644421,0.3341554727767869,0.07134302017807875,0.173311992491694,0.06938550033381245,0
0.0530929392926212,0.2939656526268197,0.05925187660917438,0.17528555594799533,0.07182652377290866,0
0.05540862321611294,0.28517048266856343,0.04935826369760916,0.1700841595297691,0.07319284315800642,0
0.05527560651753192,0.27811456306154175,0.0425936486753533,0.14704856040080505,0.07620248564501009,0
0.055307346382020506,0.3075242394183014,0.04277913599186605,0.12208652220285746,0.07790799393629408,0
0.05050583434397343,0.3400686253309713,0.04141031984643369,0.10823152044639246,0.0833588186428436,0
0.046819935663925644,0.36300907537656596,0.03716580486004883,0.10830603571517225,0.09253381237788304,0
0.043061056359759306,0.3427186453530956,0.03387688731859128,0.11336691193598533,0.10020659281185898,0
0.039832549183627754,0.3106373923767012,0.028732403146631023,0.11298910432696618,0.10029997938945001,0
0.03862283763740595,0.2778242328859005,0.021242209403257117,0.1012054472890331,0.10272814606422728,0
0.03767187360241627,0.2760044387267061,0.02160511080307989,0.08378824158743021,0.10422002267465488,0
0.04958119203057678,0.14908754016444964,0.0731217369465597,0.17028512279598307,0.10026445660269076,0
0.05030800287607233,0.2136389350736186,0.08490035376679253,0.16960165732679214,0.09896176139043401,0
0.04565829541979918,0.3680123620427127,0.08402669952696637,0.12475285764520669,0.10718305977279026,0
0.04302546906903754,0.3745437871541561,0.08076795573916531,0.12745875594377548,0.12734440918477302,0
0.039454822797960004,0.39094955076325527,0.0817231763966994,0.13149016140168496,0.1480821130781381,0
0.03296175529407892,0.46465509752488987,0.0704374059440244,0.15904791399338664,0.17121751634061,0
0.0305732373481444,0.44626281210374863,0.06075044820659655,0.16219971204672434,0.1553718169598561,0
0.02895657921715023,0.4223998709492867,0.051136418245233406,0.16408372372298602,0.14907157372565322,0
0.029322901947525577,0.36292976907079055,0.04049218611183256,0.16022817541486828,0.1516884109301677,0
0.028530963679974753,0.32604404040709006,0.03706856224592162,0.17506400438314568,0.15039431006104048,0
0.027693339884283706,0.3005452542066711,0.041661073711561226,0.1931107731783665,0.14320861213771988,0
0.025899986542970894,0.34797059490123927,0.0485388464048068,0.2130395365264846,0.14412970429592403,0
0.022563835380256036,0.41284020794334475,0.06354046122344122,0.22500594004667587,0.13075079973744957,0
0.020284149978031737,0.3713599391686861,0.06494573836674458,0.1862053789077553,0.09795216602184154,0
0.017735644464614786,0.34952681604696234,0.06406380746466954,0.1777372152915318,0.10159255445074078,0
0.01770670686060702,0.33041510729443135,0.062163447120688484,0.17061812122656245,0.09863320168576067,0
0.03108405311093377,0.25852445814751523,0.05035595380109381,0.15161141427217176,0.13328657173507835,0
0.03975289289706986,0.2045057555958562,0.042092258701182564,0.14231338049872,0.14081999331768408,0
0.048328348859359826,0.17248378329308223,0.03135900415211555,0.1407252449094693,0.14403194222892995,0
0.07233841675679273,0.14967172276810806,0.10133823046484607,0.5129465371785948,0.22335126927567264,0
0.06361697639112955,0.19658200283612476,0.11880606314433491,0.6145874714293454,0.2142427970800335,0
0.06963836325451671,2.9169641868530443,0.9055457390457878,0.9438203692157956,0.5379771301436861,0
0.06220365302226201,2.9774565147039485,1.01540429503665,0.9357221902738724,0.6485697900888073,0
0.1291385940841392,2.953955940026088,1.042930767252759,0.957503494368688,0.8788953507140083,0
0.1798047375156324,2.5481304979189217,1.0595365297555666,1.3240926768452939,0.9766442156172737,0
0.17140474754556204,2.210890859703376,0.9637392861486328,1.2370593028622543,0.968059633852409,0
0.1643231434986774,1.3269487999405414,0.7701268587767621,1.1754788023257599,0.9443695911206097,0
0.15713391562791673,0.8402907086300626,0.5436526193420448,1.156634839906181,0.9012121127417274,0
0.15838732472781408,0.6630897129903304,0.3855327523318056,1.1982583359795298,0.8654127638257417,0
0.11092846191831188,1.4825957130246603,0.5012370226702287,1.191387329547648,0.9766209808839624,0
0.08869502218800647,1.5096875203260356,0.49053510463059524,0.9692601956105344,0.9034387219458923,0
0.07311290943821849,1.5227251695898585,0.47790332608603786,0.6858317333222771,0.840066010914361,0
0.057255738872355355,1.5237145964821361,0.4875027675314735,0.6225215216097127,0.8036118309756846,0
0.05831000521718843,1.4974167498006064,0.4958484319777698,0.5786174156349593,0.7494307425989946,0
0.05996846627705278,1.3993728781918486,0.48810997212915136,0.5225636337909931,0.7028488376821117,0
0.05840073140827794,1.307640012696563,0.46379769178431085,0.5424060010884366,0.648282705316895,0
0.044906723833623305,1.1801623218338007,0.4151342244412227,0.45073990496529276,0.5808798315915551,0
0.02974651029696499,0.880920462966991,0.3114334387343866,0.3774198748171678,0.45544924649392254,0
0.02817089807864735,0.4568767736653726,0.18019426590563528,0.25285249537705456,0.2294388001766281,0
0.02399414508665067,0.2256474721990788,0.1002780119700547,0.21139347293622324,0.09848412940648572,0
0.025045013067509402,0.1484790819656181,0.0624299419533349,0.20657992522755966,0.0771853146834704,0
0.026042631097107572,0.11666089727906259,0.043521125679651426,0.18192617220573848,0.06743787133661017,0
0.028524504511356723,0.11387241165790758,0.03409576598475193,0.1612856514866281,0.07087213805641952,0
0.029337338413177504,0.10551611858894334,0.025347752259549654,0.15059218245291467,0.07697155002156938,0
0.03146354533308435,0.10133776601221385,0.020411830686324912,0.1517152353180131,0.0807700082455352,0
0.03436923757512734,0.16281323120098184,0.01677482943027562,0.07623033093717572,0.07851168318749982,0
0.03314192448099121,0.16088174952119652,0.012234859845818586,0.07771511812898152,0.07400666299290556,0
0.033763901907067566,0.18187672612805633,0.014516891496129539,0.07807929193400164,0.0722703451314531,0
0.030735206209891303,0.24725914305617266,0.02648963458526407,0.07308568763921505,0.07556090963266773,0
0.02776460234120066,0.27651760129662184,0.027291759041507675,0.07302123768148357,0.06820252750954217,0
0.02411481474219342,0.27873805379120037,0.027863554789918542,0.07634525105860768,0.06437312718386222,0
0.023635822837024152,0.2546750202963758,0.02574848746725488,0.11438983459517874,0.06184090338397508,0
0.02280508520592794,0.27611750116451045,0.02984239961180511,0.133184666406588,0.057304183066701486,0
0.02115668572090034,0.3203810589265668,0.03437699809485133,0.15149593374110154,0.0605216715852698,0
0.01901382562213154,0.3791666830278473,0.034747235464411205,0.21183350034948437,0.07391956343642737,0
0.01929277878725249,0.3468610124036636,0.03353531482618381,0.21492218332243454,0.07754741432475623,0
0.023895776490488917,0.3155445525247284,0.037011894991375194,0.19531759649712777,0.08358048920777299,0
0.03289150731523481,0.2823883203779069,0.0449762780245164,0.15407811391725948,0.10456649067191189,0
0.04118473564337917,0.2753707368162876,0.048716408247719514,0.13075788211360456,0.11728129584629807,0
0.06331675708357024,0.2369603748991241,0.09916113233585874,0.08838444047683751,0.13070923597849984,0
0.06652184149295293,0.274163769705387,0.12162107264594728,0.07565515409527358,0.12902060833198942,0
0.06858633801220411,0.30872015893164295,0.1437931772561568,0.10488262816761493,0.13424113179438504,0
0.05885518830553528,0.3342753486361589,0.13837911875407466,0.12086498096864846,0.11763871787990506,0
0.05494926349063432,0.3473927146535606,0.1341123413714901,0.1161035656085816,0.10024294617165874,0
0.049303261506806494,0.34450794122617545,0.13056681871339174,0.11674142943093017,0.08030961512742404,0
0.04338284489817915,0.32082636527589636,0.11654897228556971,0.12502735550463037,0.05935262307822843,0
0.03826512758353877,0.2985977810740199,0.0976020566762161,0.1348188645122205,0.04830222848356926,0
0.0330627943517542,0.2798190731969187,0.07611033260501911,0.13778281847637228,0.04313299416536211,0
0.028955311159409247,0.23366666958110566,0.04202923012764674,0.1289518403068363,0.053174788425559186,0
0.03657935608118209,0.21517861551633516,0.03450445938071183,0.13806491100257814,0.06901780651600142,0
0.04077054292066957,0.18881824011908882,0.0357904351684991,0.142078408853048,0.08364936991352236,0
0.04333114479265594,0.1598518804348259,0.03654403949283313,0.15514739417259477,0.09718588601917814,0
0.04485666358946571,0.13082689488417418,0.033846176245932204,0.15839302904795194,0.10549401861868493,0
0.04590296009924866,0.0745503470637701,0.028060660633145763,0.2629996364823978,0.11191070470715703,0
0.04596793741482173,0.049550788710862284,0.027406093532548005,0.2560233480499349,0.10878268787063383,0
0.04252466134204719,0.07118878104005918,0.02814016890250274,0.24161987401737392,0.10600100438871485,0
0.037930046062894476,0.07350478963518277,0.03184767793106462,0.2376526303213343,0.10046417661441234,0
0.032834791077013245,0.08889029263722609,0.03745173910532682,0.24797112628633816,0.09275304300416186,0
0.026373701639941727,0.11329315351832996,0.03791710601705217,0.2664300841506234,0.0841763616867796,0
0.013274902589467064,0.718317335043205,0.11855944440514876,0.2601369397764784,0.16576799410964055,0
0.015605888128654877,0.7018762583172165,0.15486909197570503,0.2905430508701913,0.19569965337761142,0
0.015320956716636075,0.7139919551844571,0.18886834693438437,0.3145287044945369,0.2231839723704953,0
0.027528327464171987,0.7776470172613406,0.21687722764089418,0.25193071071077233,0.3650432954492113,0
0.032623913494945936,0.7432359544800399,0.21818144197832284,0.24779073088904052,0.3822654039065068,0
0.03512551574818032,0.7054579062908762,0.21726351792417464,0.26684199673712483,0.37593468428508403,0
0.03698465818483636,0.6033284738246867,0.20715197742771765,0.2650654235316061,0.3623960392081817,0
0.039309805369133075,0.31554840833499953,0.17532594120138206,0.28829723623920117,0.3692191868708731,0
0.04392522335639011,0.35622857592022783,0.1421349708748088,0.28637085916473126,0.39560229188209933,0
0.05659430383515309,0.48214992517759436,0.06217721708302848,0.5296603421753888,0.34472838257235106,0
0.05132976415418548,0.4588561746537083,0.0554212853950144,0.5312005121522756,0.30392550371580673,0
0.046469106050733726,0.45995520182341104,0.04867994784021703,0.5204170711644849,0.26265647677734394,0
0.042123535016647486,0.45727539886491525,0.047795179519808696,0.4926907131251753,0.23880006715840602,0
0.03999993023793684,0.43178445993995285,0.0427856499763318,0.45504796670775016,0.222631749859042,0
0.03712744216463344,0.40064641481146557,0.044523297497009486,0.40537879823144013,0.19499378210847257,0
0.03460422178140149,0.38016854360606855,0.05040345189143586,0.43700640849275346,0.16629025397585334,0
0.0291193892270246,0.3252723425833526,0.06065884618562064,0.4937482277464086,0.11933718013365661,0
0.02462013223372394,0.23685034407207167,0.06606423427445393,0.5009887429812999,0.09007211995207372,0
0.022448959392042257,0.11606855938014411,0.07051368571152973,0.3367428292203344,0.06458906918415744,0
0.02201668289596923,0.15297974341680956,0.07077393721261414,0.47792735602868613,0.05182200494577276,0
0.14420585174729791,2.3188201164068114,0.43876585517811345,1.1593544762626389,0.8799656077110505,0
0.18148782403577962,2.854073481171686,0.5392381198388562,1.170916036519147,1.0631635854748136,0
0.2112205191355066,3.3996856684994916,0.7047182022451254,1.1270551481452162,1.2350640522538607,0
0.2812722128535102,4.140780260184469,1.194889345054158,1.0949234359577562,1.8332574153785781,0
0.2906348643871705,4.218124989552594,1.334491833892932,1.3726199695956278,2.1732434942933367,0
0.2902580881924225,4.201647129977262,1.32980829501266,1.3594038127387111,2.218352547538136,0
0.29070207868545933,4.129778273009202,1.3143952062870539,1.2738235436990402,2.223255983843032,0
0.2635053971709365,3.4024343688740792,1.1996725979242235,1.1156357322266248,2.1010223391319824,0
0.20467164451410186,2.5309217773615034,1.0677224128482403,0.8043698505906753,1.6817325280358886,0
0.17870151877408458,2.1342389633130656,0.9797337933769757,0.8382261138346102,1.480422710800137,0
0.14043282439704471,1.663911317707435,0.8750436856525745,0.8408055220314422,1.3230617613820714,0
0.1057057900757608,1.1875042825278865,0.7039578940828214,0.8508281072644571,1.1634037608936563,0
0.0441029927015018,0.4708922765859496,0.36837661377911024,0.7663067914445448,0.7541093132663581,0
0.03362276929652281,0.5260285226837594,0.21665139067607142,0.7692911475205126,0.5902550876196158,0
0.024252306599774575,0.47670094748326547,0.07921173046708044,0.4161917946784682,0.2658097759018295,0
0.024170732286268364,0.4717880921055869,0.0671371446245159,0.3342014378681846,0.22190929516569602,0
0.023876627658769807,0.46273985027169406,0.0575363236693444,0.2736546365903189,0.1997997869566928,0
0.021441849658050183,0.46540735139192024,0.05017363399521481,0.20965110870742126,0.19725862224098756,0
0.023177657258909867,0.42019684148291303,0.03854883631694233,0.11059854196789412,0.18041377657219648,0
0.027831156554743542,0.3400186329571038,0.030494496149440154,0.070558007630351,0.16849793188857426,0
0.03859053011237821,0.21605722007798817,0.0330710617872004,0.20853065633609114,0.1526999217414049,0
0.04057981438189688,0.16581827873195795,0.036766650811706415,0.30772986837305083,0.152520819886937,0
0.041067010498877836,0.12732842244440817,0.04138371575408267,0.31066887754767925,0.14791513625879157,0
0.04184565270090478,0.09961267546860009,0.048913551612678866,0.3105114459592405,0.14286647900913155,0
0.04043890931111345,0.0860258329225967,0.058725307028870175,0.31958918762016,0.1427166706906157,0
0.033963302215417095,0.07390578360629715,0.06235896561796853,0.36079357560914854,0.1298133698619115,0
0.025315619788080827,0.5583861153486459,0.09969945218660296,0.16052013774625098,0.1635799955429879,0
0.025268291940275474,0.5751582319574668,0.12580289979426454,0.1626792845964658,0.19214442543416718,0
0.027538112695894845,0.6052670654702783,0.1542547703543088,0.15632846499289277,0.2378662532233403,0
0.02658771778513827,0.7311583179711182,0.1929293469623147,0.2032974169417306,0.38830012214587784,0
0.02662234027617528,0.7130125990018392,0.19412592643974286,0.22430375156409355,0.4157288141717679,0
0.029379040049843486,0.6881441012882166,0.18932382914652207,0.24828629434808996,0.42412362427004685,0
0.030809999629361755,0.6291175606368865,0.19700829229159036,0.2815091101039837,0.4266414178822838,0
0.028061852128199005,0.5687094346156124,0.1960863437448873,0.3492549092853449,0.42415994465018053,0
0.02649963448164132,0.3522123065139715,0.16943185184066864,0.35521605665352657,0.4379650740904559,0
0.025066601306109448,0.4121959258255082,0.15270462688236663,0.37484408384013507,0.45061388842671163,0
0.029619999503588196,0.49325015757879215,0.13700156469557712,0.3810244643104307,0.44418806027734287,0
0.032818710839543117,0.5443240603829803,0.116939836181067,0.3893990191492017,0.4359990053548281,0
0.03676932849608732,0.5003917276393679,0.10172213611891215,0.3591558624592645,0.3893096733278425,0
0.03919999535233511,0.5144892322889307,0.10936581154545248,0.3175121184330551,0.34938645662677603,0
0.033877276514198966,0.5414771306771491,0.11473675551327275,0.2370425740795786,0.295733112313035,0
0.031373331987289275,0.5337792696255704,0.11123004303593668,0.1880208294188411,0.28148681933504305,0
0.03350398463168788,0.5091406727552369,0.11341436323169499,0.12390295991208951,0.2586498765644411,0
0.03452312618800898,0.37032333588343624,0.1010126520349139,0.2508432035926408,0.18136972775700078,0
0.028482090481964366,0.27970822866166,0.0895834973585377,0.301857580585561,0.1553541631929268,0
0.02435629189602318,0.19713308184365713,0.08039214618669556,0.34321116403419677,0.12489774256830885,0
0.022485882180695867,0.13868224691086808,0.0696483201937146,0.35731206009060695,0.09041233844388717,0
0.06066534225510275,0.48679236135039294,0.11263567750620944,0.3943998739609177,0.09152333144486331,0
0.04463083821522278,0.4909009767248736,0.14350453040003244,0.4389788359308068,0.24080589470561922,0
0.036152687773402505,0.4730148786767062,0.1506591015760673,0.4351004861076243,0.3026259234723351,0
0.029143015576468055,0.4604852569593758,0.1559430856266985,0.43818189325904966,0.34261590798743063,0
0.028054975945385762,0.43271290070226875,0.16048863739241798,0.45665695109400284,0.35957316905649706,0
0.02749715396982743,0.3767464152763581,0.15556791000746123,0.4813671194219754,0.36411037117722944,0
0.031399553395683275,0.3205493678975845,0.14875843001791,0.4408533507450791,0.3907591723010968,0
0.04925894084459465,0.5403379220037664,0.10599762874680652,0.5096411387783052,0.4340923830795279,0
0.054478642632561435,0.6943393315610041,0.07905484215801002,0.47620962414464196,0.33594690289636536,0
0.052075017321718056,0.6994561209833938,0.07381894695063333,0.4348298760099005,0.3254748020702438,0
0.050187396428383255,0.7040246217895716,0.06786712301518391,0.38406570130899836,0.3317789015035616,0
0.04884443438058232,0.6696671425512599,0.05603341963683708,0.3248411445173053,0.30549730063110125,0
0.05427891256181579,0.5988448489192489,0.044318088974951174,0.2710742507173102,0.27370540891168205,0
0.050148005793479146,0.4711910128098227,0.03968446776357465,0.2576335489869722,0.22462634414159327,0
0.042591369338497664,0.15407988223937735,0.03504564863171693,0.2212960346312199,0.15070802151435253,0
0.039205499698908755,0.09946973006200079,0.040019258719208216,0.22835436326356925,0.13710100096727434,0
0.039555946280653106,0.06832372619084563,0.03920045198578348,0.23034896188465778,0.1445807869950376,0
0.03572499426156346,0.05460205408689511,0.03774820333959232,0.2632036449011165,0.14908487941538462,0
0.01662729504906589,0.6679265961147899,0.17002305166582454,0.3272832496884933,0.2917218630497801,0
0.018030962461180553,0.6766878169057627,0.20847250804978334,0.3280078796138331,0.3551416595115551,0
0.019568805090317495,0.7283891224906276,0.24008995807892702,0.3360397807443823,0.4268926402839751,0
0.02446333176920154,0.7527223756174158,0.2429785377798083,0.3127577826610558,0.4782928696126539,0
0.027225382297905287,0.7359506329922573,0.24166783660801103,0.28438536100457706,0.49920210203836995,0
0.02829754667159462,0.696696668243898,0.23665033715150555,0.2623156794133681,0.49980998853605374,0
0.0293355342609573,0.659139209929297,0.23707958344623722,0.25855057498388045,0.49897680180134996,0
0.032021808712377586,0.5935556835449856,0.22757069595517576,0.2650993952276101,0.4748361289076016,0
0.035149457413417615,0.2880530232128928,0.18970787432375052,0.2534671964241016,0.460880788820807,0
0.03572009402563093,0.2637051769720563,0.15190257058222376,0.23887678036221863,0.4424956201545228,0
0.04616870641802619,0.391980659971721,0.06344233200984181,0.5960810994041635,0.230758020718143,0
0.04450414328091383,0.37520300820380925,0.06353541893964385,0.6721818336326686,0.19468150401986245,0
0.03819770683678979,0.3209428125111605,0.06713632550177477,0.6129755117954541,0.15361057871748018,0
0.035040054079780815,0.279897217542581,0.06837010744403527,0.6127670835562802,0.12149285028009056,0
0.03246423470477368,0.15160229003655196,0.06021462786612308,0.5994684191938929,0.09210761635545833,0
0.04439259727188819,0.253839264114212,0.08509468025094943,0.481814877916518,0.06358804138402784,0
0.04893432615941626,0.27354854616165414,0.08495504895339594,0.39046075170261757,0.04721701371940608,0
0.054207787751477034,0.2759152686057876,0.08400915722119177,0.28718715424587576,0.042742645947621234,0
0.06100175454353886,0.2884680431056397,0.0814340718831037,0.22298156160949906,0.04969402801031385,0
0.0704658937509717,0.3651246832639107,0.08196781965802757,0.23864531848353318,0.08062373639654954,0
0.06857433337177654,0.623694010663113,0.10438678410730104,0.45293693371936117,0.1404905660601637,0
0.056829193026653346,0.531311054866205,0.09069279798413374,0.4665382809598043,0.16140323975315093,0
0.04692160117869155,0.47645570098304724,0.08577986003316798,0.47598834358127873,0.1942757323193684,0
0.039865689046334044,0.4574292787769486,0.09381244240873668,0.4424282882991194,0.22284380325645864,0
0.03211337035838641,0.46660004397561805,0.10025963106788113,0.4459449708038554,0.26631914069745244,0
0.024986561396763897,0.4601112562717728,0.10105849116931669,0.44035455349952485,0.2734952493420759,0
0.02221941265578952,0.3914810375559631,0.10037426254097533,0.4436646127993199,0.2620921702888327,0
0.023492188804895883,0.3568421396678423,0.09621724768092522,0.3461306013302673,0.2593715341806531,0
0.0235074781699735,0.24765866321140645,0.08732866687328607,0.3399219821224328,0.2557118888578612,0
0.02333308914685711,0.23323414501061407,0.07772551607217618,0.3392824896688788,0.24989601241383502,0
0.025135779590547375,0.37275473944952625,0.06047605990734199,0.288644341162962,0.2183467039365102,0
0.023471616949760354,0.3693311740238235,0.04898471498675371,0.3191407398395436,0.2008141617970161,0
0.028343193886482303,0.3522003339419646,0.039741908267950196,0.2850599235713756,0.1534321512715577,0
0.04280385930183317,0.32912304090588773,0.03458645145591773,0.20564001589187852,0.17642571194993178,0
0.04886558908394798,0.28656971931472475,0.03232961541725769,0.15429079656412154,0.17534028317143807,0
0.05517087564869587,0.2452345610023297,0.030057027604911756,0.12197432908675417,0.17322719140168874,0
0.05561601197929389,0.09121155253422765,0.043262237241948005,0.13216988165648785,0.1523091665356744,0
0.056472558004505215,0.08065690448486465,0.0558298694768388,0.128478275214895,0.15597232145295375,0
0.056129401002967386,0.07809533291386427,0.056979450287223475,0.12295269240283888,0.1649042669212544,0
0.057346490016723026,0.07945522472604967,0.05863067550820389,0.14558568576864042,0.16132137900960036,0
0.05752988527918614,0.09061035086005112,0.05680099354183504,0.1836569832992311,0.142142369253609,0
0.05857521020184224,0.6705379834446314,0.8563728465937872,0.540832844649489,1.5071579389819154,0
0.05585265610345722,0.6689851031876638,0.8593686657610619,0.5475772084622357,1.5726684563608984,0
0.04954210693122929,0.6469437154950023,0.8645623786500002,0.5444229848189928,1.5938776679140407,0
0.0432276474418062,0.5989804956252547,0.8687043699339005,0.5527247825136533,1.6020336913406688,0
0.04048354388539391,0.5594528648764594,0.869424303607581,0.5878846263197638,1.5898897983518656,0
0.03930155085436738,0.5190654249349522,0.8354994297062237,0.6175328106101476,1.5600705557929084,0
0.040217489304473615,0.5259628874764841,0.7916486842171581,0.6406445470775106,1.5328652192640335,0
0.04638795577300904,0.6066371895352736,0.7252167089281891,0.6419913740714133,1.467522483698697,0
0.03551508747494365,0.6786479237911195,0.41765704383647345,0.574429171898819,0.9370455372259329,0
0.03937237939380509,0.4596624621168979,0.10140643275173604,0.5133553844185694,0.3612142692851793,0
0.03700837178046382,0.48567853482804135,0.09727920467972931,0.43957384522625426,0.2757693751581056,0
0.03767235130243962,0.4872271724677404,0.09353336843568986,0.38519231852662683,0.2592669129208723,0
0.03768329330769182,0.4651675879537537,0.08846818010700634,0.32181809424925456,0.24402398057803626,0
0.03738639574465877,0.4213810615999085,0.0875592497805349,0.26045573861441823,0.21533720499237047,0
0.03303842078631984,0.3584570401249179,0.08192461191073518,0.23318275724994578,0.1773115878674272,0
0.026749354013743627,0.24588840906619733,0.07328817495531945,0.2646727934637082,0.14021419512736671,0
0.02380151140652169,0.16735058973041633,0.061405433299867654,0.29174929743770317,0.10790572204034318,0
0.01980867179347508,0.12335403015699364,0.04483348269137991,0.22329129470221862,0.08088896825422742,0
0.020016041442022618,0.09204271940461534,0.03816064211615603,0.16226604396688726,0.06291449367949258,0
0.025253006362401485,0.11473868761514319,0.04757586184118608,0.21299820073167125,0.06232070358549805,0
0.028114122672341806,0.14111634701115686,0.051463288976062525,0.24545848363738373,0.06259188663601788,0
0.06317947162314534,0.5268296102479412,0.12465870021766771,0.6630556259614775,0.4011849506795551,0
0.0701728915276312,0.5307394800080388,0.1361362656555818,0.7068129100668001,0.5010802063043509,0
0.06614913754735652,0.5975095012991938,0.1344222170889756,0.6938279824066285,0.5758794507933864,0
0.06372719302743166,0.5894039498633976,0.1276800678483575,0.7080918159147719,0.6679440299895474,0
0.06090746663317807,0.5867667423684428,0.12687045911422928,0.6927390781908579,0.7436246750332229,0
0.060159232873802204,0.5751321454273769,0.1234453142346972,0.675515496172084,0.7675645543279674,0
0.05886956467781161,0.5268151747868272,0.12551347136643057,0.6692504362512754,0.7689121994616508,0
0.05907136649349719,0.48311302955600227,0.12386722529239222,0.6542509366387417,0.7701227165926285,0
0.053491236701005584,0.3800417607057826,0.08952275779805816,0.593901725830497,0.6502382310515659,0
0.019214754427169932,0.5396502369837353,0.051249647646310424,0.40698482002200154,0.4125430944271654,0
0.01989440307784645,0.5210714050130559,0.05105836600924246,0.40490818354929087,0.35153520676522654,0
0.01919805331905266,0.5083220326358152,0.05105394506231058,0.38832695822509183,0.2651226504986286,0
0.02019962330113332,0.5331703946974116,0.045808782939737266,0.40162513127332505,0.18894604337988466,0
0.028962245499642554,0.48877019643046166,0.03530961835157588,0.34544676418667464,0.16252725388377187,0
0.034185201838628616,0.4413737368983265,0.03165228761426848,0.3219666538029247,0.15755806095359698,0
0.04349482119546229,0.18083470324223658,0.03592490496212365,0.21879061220877993,0.1341368844177048,0
0.04307700815624664,0.1058767753101401,0.06262376930026098,0.25052568260313446,0.15169273847090753,0
0.03972063671557875,0.07722277377782565,0.10939773200585141,0.3829617331026194,0.2054392623138052,0
0.04015348548399238,0.7589108073821487,0.381931656044137,0.5738165544915081,0.5573137575823981,0
0.06019512039574513,0.9766692400628084,0.5404726629600731,0.6238129529923457,1.0446267888958327,0
0.057826172480215196,0.9517409356287322,0.5428255678445817,0.594954054562185,1.077004710574744,0
0.05091826404159426,0.89720256585075,0.5479225559026691,0.5611552055952045,1.0840315368515898,0
0.0452771736288627,0.7953030870068318,0.547248196320578,0.5280994191786041,1.0618618919789504,0
0.03961046879368083,0.6884996129751937,0.5266970648537403,0.5296850346651383,1.008300467217238,0
0.041167330206370735,0.596264759725492,0.47232240062510017,0.5606608928771077,0.9600228376044561,0
0.053768130774668535,0.4674559415030644,0.2506563517230902,0.5418473317587098,0.8519908112814786,0
0.05313370510966531,0.5017968615864368,0.13828541640673223,0.4929136937592952,0.6803829738505022,0
0.04112763441881866,0.37594006282967796,0.07855768767476382,0.4858083382371882,0.48545841508588217,0
0.03422129200453793,0.32958067050151585,0.05668269836854768,0.4957219367542159,0.32747984781346556,0
0.0323756168805088,0.3357018043389143,0.0561277643761948,0.4541039613053866,0.27703883713193983,0
0.032292151299759556,0.33835465396536224,0.051209850749438145,0.40982583285345087,0.26063086321440154,0
0.0333929994839927,0.3321634233069779,0.048344952388716764,0.34938494796688996,0.2499054127102963,0
0.03501383636168522,0.30663504113968965,0.04199728240049253,0.28279291197314066,0.22892808279430618,0
0.029643032761124306,0.25704633360226203,0.035742910283135476,0.22944277443345826,0.18831433741874348,0
0.02368245300033609,0.21535529383207597,0.03680839183886821,0.24550850219818282,0.13794219129441557,0
0.019930546319663293,0.1594503322867582,0.023152118834670915,0.25397483863591436,0.10375023854583365,0
0.020433337858655035,0.09423297719642922,0.01839907270861806,0.20994014692995533,0.06933826604795244,0
0.04716396304850358,0.3169487531374617,0.06567218476877376,0.3003194674577291,0.09090533037836915,0
0.044481896958346145,0.3326676641280105,0.08225863620675745,0.3045788556978402,0.11146600682033192,0
0.037463270670954854,0.34600282779829594,0.10591368971508701,0.2724855277054855,0.23128190588322584,0
0.032469689196890694,0.3266099132604994,0.10667744997188496,0.2778819761340176,0.25547848009994334,0
0.03247571947128699,0.3061258714260583,0.10458483582549416,0.28944461044102243,0.2649398438916043,0
0.031475485934299156,0.2612737682303601,0.10242708442192874,0.3021216680128238,0.26771791640482123,0
0.031467293274784314,0.22003189369450854,0.10038457707079647,0.30720511593216004,0.27160655707305226,0
0.031237109752074232,0.2057670074298993,0.0924504583591952,0.2864813964534451,0.2599525601674164,0
0.030399141479430493,0.38194036013590477,0.0625704381168529,0.30266539596040815,0.20595749273859557,0
0.025790230428551324,0.4215692458592562,0.0515015601571848,0.34176000634677217,0.17939040614425664,0
0.02260800470044044,0.4463162941227242,0.04527696835248039,0.3696703860089772,0.13864483446508047,0
0.022272558850969494,0.4768327142259593,0.047352128894378794,0.3093897332384121,0.11294843638499534,0
0.022353220831746425,0.47762213629477107,0.046327473273742745,0.2757059442609153,0.12045654847945678,0
0.026055438191085495,0.4563235557995588,0.039858502650162386,0.23843211630018346,0.12296331285240092,0
0.03032787112690736,0.41833133830980707,0.03900895950463091,0.21014847959256971,0.12658256296060605,0
0.037148034034270125,0.2670630355411126,0.047822336189518186,0.23723076466163495,0.1223242041289903,0
0.037583037353105496,0.18311013972260065,0.05832667101085567,0.23387478981978985,0.12457218710805748,0
0.038529504868128964,0.21168108289256518,0.07503523867963488,0.20786576027737,0.1359436930722059,0
0.0368884702460883,0.21478546137127555,0.07263955057221827,0.23575105387273995,0.14407898106400438,0
0.026982958461272355,0.22662259216181538,0.08091301731242959,0.3085120231266313,0.1343495132781185,0
0.02045677812967337,0.28523853512124353,0.08800774907627675,0.36628341848588464,0.1366054440287546,0
0.037418624914279455,1.195462678387105,0.6653594063556993,0.5335563087188256,1.7540264598173174,0
0.03889108586807264,1.2478010620862654,0.6709990805174482,0.5219072091214718,1.8599015475725498,0
0.038537781003818425,1.2222744527150162,0.6686146831768637,0.525471506060903,1.9152980994717108,0
0.0384762863803632,1.1753915657384728,0.6763408657048084,0.5181031238745917,1.9292013046670788,0
0.03674980200110138,1.160991358253998,0.6821183974541631,0.5549101307326137,1.9211581013005339,0
0.03964461444030298,1.1707507915347963,0.6948210895615601,0.6267193947128804,1.9112215597067876,0
0.04461839025856158,1.0441175705332202,0.589022499860004,0.64029122094495,1.8245286046757336,0
0.04876468251309145,0.9268833764722769,0.44784299557724516,0.6028986677492173,1.6449961037607175,0
0.03664136513426029,0.7744333341788865,0.14738271025622393,0.5076710998570834,1.1034156831954567,0
0.03372389379118691,0.4693316142607197,0.0917798401457826,0.46578364988346754,0.6789807611249368,0
0.037535396774956056,0.41846439339262664,0.08288946833122714,0.5142000588077458,0.4636859791953299,0
0.03902156034534872,0.37470823558124444,0.07528192494960786,0.48817274614027795,0.3524515229690536,0
0.03980498010393101,0.3795796940450396,0.07071341130685697,0.4372881806521873,0.2904384077383307,0
0.04004592406679357,0.3714866105469536,0.05620680669732834,0.389604862041559,0.261792270173563,0
0.040030479779769965,0.35434411691707296,0.045514412301468916,0.3256092314252391,0.2326520999884149,0
0.03364745501221508,0.2972505962438098,0.03708416636645577,0.24332374918668753,0.18939763383635616,0
0.030583111128989704,0.24109327610361758,0.04151325027544071,0.22393106176042896,0.14843932566381018,0
0.027543360236686392,0.19271855971680907,0.03870273143777418,0.25162115718624184,0.10663454330065943,0
0.02546209012394184,0.1690850115951244,0.036112775499984213,0.26616015779435676,0.06548278308244122,0
0.025864844777441498,0.14541254360965608,0.036339852595781715,0.18168579569279805,0.04042162455538993,0
0.02967819814165843,0.1329061232568268,0.03505543214244712,0.12830836500954818,0.03646766801959605,0
0.033576566681260786,0.14377222928419947,0.03798584840984984,0.1484952599113267,0.03953822318800815,0
0.03880311963937421,0.17184420958096647,0.03981261446639374,0.1654585000445917,0.03491973386889216,0
0.0423682884617327,0.3681302967233725,0.0459518306757518,0.30617142138760756,0.0609531390334492,0
0.0378031043068124,0.38889388104966993,0.05142045604251644,0.29104307211521047,0.09303125938933635,0
0.033100866961411145,0.41231578487240783,0.0471511645969661,0.2808551376461518,0.11425387187100682,0
0.02147815657481807,0.5059955339636788,0.047029260935160036,0.306463305291007,0.1331547140152674,0
0.01924812123168392,0.5004428060711231,0.046708784557070795,0.3101899172680352,0.13838673262056636,0
0.016085918484264366,0.4622823591380059,0.046112664769357506,0.3110943845098818,0.14253187553312774,0
0.014699620633446656,0.4179879536996257,0.03818228687357071,0.3179769872689184,0.1444003628941449,0
0.015190047218622358,0.37471314655926796,0.04130277125028888,0.22603796313541696,0.1453018382023821,0
0.01433132787347353,0.450105278264158,0.04900252165181888,0.22009929847184506,0.1420808415624173,0
0.013067995846677189,0.4929246819797224,0.053520381779103066,0.2175295802363834,0.13384776434994555,0
0.011766756675082441,0.5274001634468204,0.05466735563651629,0.20539690079046286,0.10595713690104273,0
0.011308554207465833,0.45539829067298926,0.05979493080045599,0.19635563420488727,0.08849974057562011,0
0.011147215978309127,0.4546157541244673,0.06611356494593967,0.1791646145790356,0.08352497417123474,0
0.01371874863608304,0.44390712389618514,0.06404145662135155,0.14320576412831104,0.07993354360843394,0
0.01631826214425073,0.4302222640013348,0.06558527987382909,0.12466803313638555,0.08354549914846979,0
0.01851187046029248,0.4247828032629009,0.06930708482026696,0.1096521081917526,0.08138705252883238,0
0.020591775887283413,0.38695575471999766,0.068515108871197,0.09154159454618604,0.08327679178790678,0
0.022101155861370146,0.34732314206041587,0.06793353493882774,0.07958460030730169,0.07870270372246199,0
0.02361716341691124,0.30524845241007675,0.07117789044231167,0.08591560606883651,0.06760534075521084,0
0.023273367501117623,0.26973116171597356,0.07441465311438376,0.07249032195604456,0.06331839199689737,0
0.022569654698027446,0.23538096922248064,0.07240291126285188,0.05085837691248461,0.064178453649947,0
0.021664719501091386,0.21799181835523723,0.0675067527345105,0.04280478028203705,0.06555112864006299,0
0.01842748053726833,0.20050265054266747,0.062307120773393655,0.044917993449697546,0.06532788396818542,0
0.016422240327699848,0.20035094889024876,0.06005586831320855,0.0490645399315865,0.05943174231775489,0
0.01545228713765969,0.1984159990520701,0.055830947368127506,0.05004009680560141,0.05727370276813217,0
0.040595700868426954,0.08083022605615035,0.04455410978714203,0.07460959189673096,0.1441411038119495,0
0.04968314081680168,0.078654545679335,0.04170013596231839,0.08542608566817282,0.16476582987801192,0
0.05654233877385552,0.06879277043992614,0.04117606285048995,0.09724290866839755,0.17901933702892656,0
0.06192266132362097,0.057178944579386035,0.043940185854640164,0.10314423677032158,0.19222116747766504,0
0.0640140920181811,0.04483276354971864,0.04704061296404627,0.10409436076850609,0.20287832835207859,0
0.06191304079183291,0.12382889078524503,0.04792479730981288,0.11006085068042389,0.19199528751361067,0
0.056243221917828004,0.14439642671739866,0.04350276016238755,0.12833631835297216,0.1761687698257519,0
0.04050239784867082,0.1669745092919326,0.045848336392476624,0.15623560387605598,0.139222831873728,0
0.03242240185822888,0.20382505723870356,0.049302003049151874,0.15841793108095276,0.1240357788765158,0
0.01635499005303843,0.5763320469674053,0.1338370913587799,0.13673898261491413,0.21651919744940704,0
0.027617513223842056,0.6368359626815858,0.15662562119769421,0.12155430382054148,0.3794681174443658,0
0.036071185391199634,0.5025376269076596,0.15256976821683108,0.21160822449964334,0.4253794904997144,0
0.03615485595675152,0.4106013006740509,0.14824873061859462,0.258015942747706,0.4242390972355629,0
0.039236662076026795,0.2629686065297728,0.12810085802971993,0.297819468318647,0.43413895591999696,0
0.04217133479482174,0.31520997375720494,0.10918267398453403,0.31106351120738357,0.4346526752769969,0
0.044526295628779786,0.3833079830489042,0.08615256384960163,0.3034413589221806,0.4274611588716232,0
0.04671497820600998,0.40747728309448406,0.06589064640433587,0.3010640601889729,0.38393853376344794,0
0.036448783263083484,0.3696818562628464,0.0768991818688233,0.25155956534037716,0.2696323534079928,0
0.03257250189252765,0.3536397484082653,0.07397103852540618,0.19937196655093756,0.24172116212050895,0
0.028852108194343216,0.3401250037970096,0.06555009309799995,0.1767425739961456,0.21543963749708203,0
0.02735117627212935,0.32492951068337905,0.06327178595514084,0.151326617797842,0.18615903869568548,0
0.026407139359488734,0.28721856930274514,0.06563463501859898,0.10478816627794549,0.15275226234812495,0
0.028105067812432445,0.2174975498339864,0.0651023532568896,0.11336610837769001,0.1205417552967544,0
0.03524876112871676,0.10172164187964057,0.052273614665955204,0.1429023113401744,0.053100257878172005,0
0.04883847037964441,0.09190272406499346,0.04719439617159325,0.16327563670588124,0.04418905564000483,0
0.05607433639155166,0.11267913604126507,0.0430126299350066,0.1764107838021745,0.04892734045635104,0
0.07002758432835186,0.20704572328990234,0.046345861659632864,0.20138580403516376,0.058220007279544995,0
0.06069085064168352,0.38094508141572614,0.06452793773216477,0.3296803033132405,0.12748300835928514,0
0.04576532895694595,0.40203811108559984,0.06884616881470915,0.3013902759860399,0.21594094451298593,0
0.03765935130203181,0.3939502659068487,0.06673993334609973,0.3354728958823382,0.26875389387952275,0
0.028956922063114822,0.39243734924454887,0.06585413592023279,0.33929172237087046,0.30729994684205914,0
0.023926813059865742,0.4347510641661585,0.06584321291698551,0.34360715794634833,0.3122541261925687,0
0.020678754527371866,0.39269685348776195,0.06557703085765605,0.3489463838448878,0.3084141507603048,0
0.017738316005479753,0.37088575258579004,0.06618477057188243,0.3405086187959839,0.3076175008396911,0
0.02124796895657569,0.34626744814414934,0.05904324858752937,0.24815260006917822,0.281063262627176,0
0.019997474486541846,0.3148610898126912,0.05420394430307961,0.23406185081723824,0.27223088075461643,0
0.02012306216102198,0.3595808917796023,0.051098402039585746,0.2358387437281641,0.25997680209608526,0
0.020166267389333668,0.4637469071651936,0.049182802695539415,0.233530984857743,0.22779654726595638,0
0.01829396702550237,0.4961346569795517,0.050530792564674035,0.2552948136970581,0.2076191489350232,0
0.01765903914796477,0.5172088987536457,0.04787582415198117,0.22913442710327195,0.1626522431302154,0
0.018860462966196964,0.535639541514847,0.0476562119430547,0.22720423139630747,0.12965378002253786,0
0.018899170679872124,0.4881314293281968,0.0472457077919619,0.20975548146559303,0.1179824080080315,0
0.020260498101804407,0.48721084982998786,0.04709403385272039,0.1881329336177901,0.13003663232649051,0
0.023257945229453632,0.4649104264203167,0.042975904140371175,0.17279394836338474,0.14287346168673817,0
0.027525593198974668,0.42995938588755045,0.037580661601102607,0.16304221733855345,0.15896921566650238,0
0.0359333576662411,0.37530295737079533,0.036713388274448366,0.13662004382064513,0.16720026891929293,0
0.04984225616093772,0.23528280043747926,0.0383498817239153,0.14639610576669373,0.1704542879211323,0
0.054374624870344765,0.18603419627044554,0.04467758484245538,0.14270899096929143,0.16839022208465906,0
0.058480334731677096,0.15401969305525748,0.05277940198752516,0.1458053405994315,0.16881522274387178,0
0.055301026153028524,0.1791542802563065,0.062238408533496735,0.16081167571734611,0.1858515176495354,0
0.050624453518804624,0.1871764174389712,0.062035090054361176,0.18045691686810195,0.18230218854872077,0
0.04342088001688423,0.18114784371482087,0.06521282979285023,0.20893334211027112,0.174800744352331,0
0.03488578983660099,0.20278200807076874,0.06772863215649633,0.23907632473638324,0.16726619733124082,0
0.026624878347019747,0.23079846579145408,0.06268260033577458,0.2722554337850205,0.16248665154696593,0
0.024049226106197797,0.41794912083477564,0.19673848568653232,0.35825464376816185,0.4353166958687302,0
0.04382648447854028,0.533324727844208,0.29589009263737587,0.4601468257723848,0.8720393166830617,0
0.046790425587591555,0.5215832804544649,0.2958327731823499,0.4792370743107912,0.9192430295975405,0
0.04820978715551192,0.481806554850023,0.30365094178093754,0.5065581630706728,0.937314008142445,0
0.0518518865572047,0.442629911997044,0.31586059594840493,0.5641614347809736,0.9524582938946763,0
0.058624043512134086,0.39629819225748925,0.315141532687695,0.6007920628560227,0.9376742280358986,0
0.06398059310542614,0.37407892314101787,0.2834324639390803,0.6161434808499369,0.9191778429987849,0
0.067619265481391,0.38224899002890433,0.23755291698704356,0.6064532575876587,0.8778848270136024,0
0.06783492442295244,0.4177549850825553,0.20187504124102135,0.579104212751232,0.8048216847990604,0
0.06339047471158582,0.36331821548595367,0.1213284293199339,0.6920770803447909,0.46407367642169595,0
0.05755924222779257,0.3615225820565583,0.11318597036791275,0.5958735381166045,0.33539213961864445,0
0.05668943134367995,0.36533094816449874,0.10663068778781844,0.5320103739899743,0.3096380347058254,0
0.05399376600030914,0.3534740075124586,0.09033389605284846,0.44792113055346616,0.2693680801115034,0
0.045963116056740555,0.3071886698610092,0.07103782683339173,0.3721531046079534,0.22349457692517838,0
0.036629859785817655,0.25403016983448656,0.06835458725145466,0.3581493998464565,0.17808287914305715,0
0.0281149521567934,0.18545200004288478,0.055004587761495874,0.35842875570060195,0.13453870966990883,0
0.027037785434966433,0.14258799326877208,0.04621192392993377,0.37408117267158547,0.11561648421728539,0
0.02668915849091445,0.11873812303948413,0.04101823368767256,0.2708843577150458,0.08713215008072031,0
0.029095207879765474,0.10892797384852967,0.04359064707399079,0.1749770868489679,0.07374050038882443,0
0.03198744042980486,0.10368050227132626,0.04363630244858007,0.19527676032014768,0.0737108232466239,0
0.037858784186509745,0.11735109422049113,0.04177430005300432,0.219091687183485,0.06525729920159533,0
0.04714547442714734,0.4973216637386919,0.07612503625860648,0.5221105271989718,0.1621330463946329,0
0.0372071743380676,0.5111062501251485,0.06303624521267655,0.5065365292914532,0.42722333940718277,0
0.0325114334815142,0.516202612044889,0.07037223160339809,0.5421968181552186,0.4948469008881184,0
0.027580998969041266,0.5323486075238895,0.07124843017032498,0.5776544435093726,0.5549851531893931,0
0.023907316905766376,0.5111435761051827,0.06922676297546328,0.5981605455962876,0.5668845995991212,0
0.022566941547334626,0.46895388758326684,0.06876247437343266,0.5993878289663904,0.5677831795788382,0
0.02196410583624573,0.4335312494184487,0.06773884506791325,0.50718894878447,0.5588676002094805,0
0.021649909819292153,0.3333141178244031,0.06366221878848201,0.4022438212687819,0.5397271489311393,0
0.019373710668382373,0.3642912502059642,0.05904018310644168,0.363203013736222,0.5146180590874095,0
0.016569597952323187,0.43875804449760186,0.059966393853955954,0.355255010661752,0.4568680055484317,0
0.016397414499052094,0.447525622535459,0.05966678319988864,0.3780260906425053,0.36213598181324774,0
0.015332579019720013,0.49241906538191704,0.056244184532387345,0.34927041551546567,0.28794196980508535,0
0.014693261106675104,0.5144409311939,0.04726048342567538,0.3186437667477055,0.23081417740362903,0
0.021769206711698377,0.43265110901202064,0.03854831894878015,0.1497732073561826,0.1380302919503878,0
0.028328457001581812,0.34487576241061935,0.051134492804025,0.11854649039466067,0.12282680040063076,0
0.029740004830526766,0.2659067695362541,0.05630439046554242,0.12424905007157605,0.11522621950950969,0
0.031066565197724733,0.20182561384428785,0.07025215872366442,0.10967160303800301,0.09915461256759259,0
0.030655860755225396,0.16142753140341573,0.07319991318027001,0.08670630897030909,0.07979629176349531,0
0.033347666387712985,0.12478739070817495,0.072088963264311,0.057859633846546396,0.06831737560758866,0
0.03441177294461521,0.09587489423698763,0.07325511812677914,0.06060098323980887,0.0715988099692518,0
0.020022415166405814,0.47200432961417815,0.18220362450126393,0.12575265819766565,0.30450620030674735,0
0.023217709996552073,0.5024297049458366,0.2125928039559771,0.17243159322182858,0.4876902634047566,0
0.022411148966010545,0.5888333318339536,0.24097540484529834,0.19095098630518995,0.5172490958095113,0
0.020924678531316833,0.5727554965057371,0.26165830733550166,0.2240062654404123,0.5394556355515613,0
0.020945132095967982,0.5138222443443914,0.265497511119072,0.2661040750095681,0.5505968117138044,0
0.02056172773261063,0.42260989658948117,0.25564727588290265,0.31472679978750817,0.5570589951622443,0
0.020326952752653848,0.39579493298688845,0.23910393344967407,0.32400174047211877,0.573525474603507,0
0.01865223105012911,0.5863272377986832,0.19991967647527392,0.31482708022872263,0.5127985959504007,0
0.020236103307402303,0.5634441378849784,0.1871135837241998,0.3061454847516514,0.4714039841437968,0
0.01820322794635011,0.5537082192157234,0.17072963764412225,0.309148486030027,0.35730702231940814,0
0.01712518644021461,0.5610220084692501,0.16269996838491205,0.30287092357102635,0.29547188854973994,0
0.01856995120043744,0.4629492251819151,0.13519787058576305,0.2861198844344294,0.28058438884913556,0
0.03495504467369586,0.32318042764912147,0.08829445882068838,0.2634183421094576,0.22779661211382143,0
0.03500126690934254,0.1583004566251301,0.06597588726145728,0.28000824903861943,0.1936325065405388,0
0.03660512934608501,0.11137772132320589,0.04634967940600121,0.30550571969488016,0.1880121952222426,0
0.04210341621581848,0.08100891740004637,0.029560697828524746,0.34059573020358547,0.19788492343453803,0
0.04485154095190106,0.06316219451928425,0.025533310910594003,0.34504379868228907,0.2120639514919258,0
0.04774134289964112,0.078639843885156,0.024566295658452388,0.35055949582722856,0.19903529402008718,0
0.05021744058700948,0.10732184688602234,0.026056755813762156,0.37142093693015393,0.1830450043260801,0
0.049299048604949824,1.1650587511345436,0.17820034936095658,0.4014548819568087,0.3540483907774973,0
0.07241477172372,1.27811896486152,0.29572454075294285,0.5590034704191031,0.6115590018127086,0
0.06800272717492187,1.3375749586714882,0.31673510999292825,0.536830581077779,0.7098693757363874,0
0.07265644436291988,1.3971182489978964,0.3246131616607859,0.5922915349287436,0.7919371635394877,0
0.08242451332300058,1.4775147114427618,0.45811411797906365,0.751041424878065,1.047262632859342,0
0.084141908970375,1.3973423221325334,0.4548044062031712,0.7206536695364253,1.086112555712878,0
0.08784559659736513,1.251338170767064,0.42463164371847695,0.7234728788202932,1.0681562596333856,0
0.08508909271188644,0.8042178489459811,0.3803613721408782,0.6688695300392883,1.0005338466226275,0
0.08507903538738709,0.7192076066949268,0.3377101187997733,0.6512539825553453,0.9540215473632152,0
0.06331675437237812,0.7972927519046568,0.27739273843395973,0.47945978114299787,0.7914082633832822,0
0.055588078394907744,0.7801063920608137,0.24993329909109324,0.42544306449255237,0.6697173632353898,0
0.05713521795322855,0.7801697215567527,0.23989320254579308,0.4308913906831913,0.5680924021942134,0
0.048687204144325924,0.7415295835356764,0.23645581349926825,0.36598259819057255,0.4863740764436849,0
0.03814973716050975,0.6336164928329173,0.12563116127347512,0.23227136319138944,0.273177192647444,0
0.034986993998116854,0.6003486859681796,0.09572551119487469,0.14958739615716712,0.24726224613041134,0
0.03194506912327296,0.5881075242296789,0.0864869886879887,0.13637068502769648,0.21320177647094338,0
0.0334688328077941,0.5675380143775521,0.08575898094655725,0.10298101291517252,0.1977990335202519,0
0.03663884155912493,0.467725843083268,0.08546575256055872,0.08099444612432097,0.1756444705377092,0
0.03990414356084685,0.36750768792272,0.07639437539236314,0.0865497541850603,0.15765818573697093,0
0.043054202926330505,0.23622505784460493,0.060381620519809054,0.09130282390143361,0.14324655485626453,0
0.04197414132826475,0.1620815969260088,0.048938552443539986,0.08546657808323066,0.13434294770248528,0
0.04023674964843695,0.10878860683360125,0.041000416843898074,0.07488480683552741,0.12453052339294542,0
0.03501522353861619,0.05345673098428181,0.03437601602021407,0.07714812209295513,0.11569261208911441,0
0.011502644531504227,0.44884458992602594,0.09450006810204842,0.10262018481006485,0.13970591831511342,0
0.016689859137468406,0.5186071643284801,0.11981672696731324,0.09852659230155325,0.24970458995839007,0
0.01763013124857359,0.5021843673918528,0.12034431776750684,0.09757562643714886,0.27161691700660845,0
0.022427868558750168,0.37444458352977633,0.13263225315556912,0.18038016263789833,0.31072933128008096,0
0.03546222408563131,0.254351760395979,0.11401252409609228,0.24366628102908922,0.3398876222285903,0
0.043212196097044374,0.3279669631256863,0.10607933053562943,0.24801426387068948,0.3509475258161745,0
0.04785866705143308,0.37215468876658264,0.09675704005993692,0.2583643897455802,0.3523306038273348,0
0.05124737525614255,0.35536770462949363,0.09140985985527368,0.26468526514019397,0.33126417107957934,0
0.05104473710583607,0.3552564684724252,0.09158018546136014,0.2648086193686808,0.2864221341099199,0
0.047148369117208454,0.3731696515632537,0.0897331391971724,0.23806887921280512,0.2533095034945856,0
0.04666215806228838,0.36158866668896283,0.08614506956163666,0.19670713093116407,0.2483475657915053,0
0.04532285982604724,0.3382238617849306,0.08008962759698009,0.15342136006887644,0.22402647608416798,0
0.03880792592375071,0.2843322423901477,0.07454825746417491,0.11053635356706262,0.19078839103899464,0
0.025583783314087095,0.10141326875759989,0.05675866939646389,0.18767976829305363,0.11710106861962725,0
0.029090704686020374,0.04501411159707971,0.05358544545477637,0.21635706669447172,0.07836935507302581,0
0.0710093351015624,1.018285833978305,0.432016359861656,0.8745791901274718,0.8017884323644651,0
0.06919400585324137,1.085307137296047,0.46124925436526815,0.9718369925563349,0.9712100701188788,0
0.07267025270556082,1.1641634370733467,0.5198611057429022,1.1500970325803288,1.2219243914782,0
0.07063148423658891,1.1603787429937389,0.5268334234330736,1.2898984863150817,1.4177235293173296,0
0.06651985685027864,1.1028650798801407,0.5160232125827527,1.3446501310073091,1.4461005939076317,0
0.06416296859201642,1.0203039202271391,0.4907640559614726,1.4135580180241232,1.4801770842863422,0
0.06322576404274718,0.9709386405053044,0.4523690001714658,1.4013338780019127,1.4741808489476123,0
0.06207280262184052,0.9204364649883136,0.39834977073485733,1.352911250410442,1.446182788296031,0
0.05385496626699191,0.950924795120652,0.33109906014192136,1.2740449355585135,1.3965565351187206,0
0.03878619645354643,1.0283757378207241,0.2500529276657329,1.015789579408009,1.0882837618327759,0
0.0331923460911261,1.0115254042413766,0.2034797233074661,1.0067172081579785,0.9286898255491423,0
0.030177758076780397,0.9864679945614364,0.17149845549718257,0.9125017955415077,0.771831195578317,0
0.019683183956891795,0.9187874975075971,0.10929967859337571,0.7459076795198989,0.5218566783687077,0
0.016640213961366453,0.895415361717682,0.09996366446216065,0.5827487163364873,0.32170538532159837,0
0.016983965028086058,0.8798309673157861,0.09747667762408804,0.4987021070338352,0.2982696917507194,0
0.020541882827724435,0.6818533339554239,0.0859313510917723,0.30702915890752247,0.20223437383481707,0
0.0221747524990376,0.5081156382870824,0.07003700740964626,0.3367352070113378,0.15459565925590724,0
0.023059541170687824,0.33293270259098423,0.062022366418450825,0.25410331085386406,0.12698883065150018,0
0.02268979942762055,0.23002950014475018,0.06137228832105916,0.2173418812197895,0.1033987445273132,0
0.022385073174394695,0.16718740731038667,0.06173896870195761,0.19245474649509295,0.07213675010566592,0
0.02033885173275493,0.13382987758735196,0.06143614134527077,0.17509787055202689,0.05716525090931168,0
0.01756951800888255,0.12024031924388959,0.06503540134444018,0.18225905366136871,0.04923408336709508,0
0.01502000002757039,0.14145385567711025,0.06453690059678827,0.21652119058655012,0.04745306586651414,0
0.007444144694688448,0.5683563775340418,0.10596082645025888,0.18189525422815553,0.13281231006244157,0
0.0078822496752345,0.5693001591495075,0.1298708150031212,0.18166237587108516,0.16224964674585154,0
0.015937141349043688,0.6564635914618246,0.1754739024197526,0.1521866856783046,0.35357582289759837,0
0.01665546696739733,0.6630752557914605,0.1790932767656125,0.15474169252755743,0.382969079253367,0
0.018394742917447995,0.5690791233082126,0.20128875921012307,0.27108385321080325,0.4343535487002283,0
0.022298095920090372,0.38424624583123757,0.17569969605861424,0.3053971822517871,0.4347312864597045,0
0.033946633958161,0.4775986805379045,0.15351422884154026,0.31041074875579383,0.4570718524595178,0
0.03984327889927397,0.489583674848468,0.13678781756406616,0.417958351123218,0.42946461051923085,0
0.0374225920027728,0.40011690893172414,0.11410723730713654,0.47682308593258255,0.2844616628327817,0
0.03873428490870205,0.40192510281569405,0.11030690691006857,0.42256577860319544,0.2549149590252363,0
0.03907972562268399,0.38818958456380315,0.09697880276901645,0.3500889639093612,0.22482480914204847,0
0.039104561122271876,0.3462574288933323,0.08556456678343653,0.29897658655045994,0.1887922077800551,0
0.036348631419691614,0.27910831138749914,0.08003798834732968,0.2915103552109091,0.15691820532835904,0
0.03125331478625384,0.2265085205982455,0.06438658980849923,0.32199005636154043,0.1248243280334715,0
0.02437031514075172,0.18087465147456222,0.04071332737773168,0.34382270108077406,0.09128390860847678,0
0.019621163591128622,0.1508898599868036,0.026165652003413732,0.2549028274298011,0.058728992384840716,0
0.016364502066587787,0.1443414873163192,0.02309431227168713,0.1845809152871135,0.05027522262999845,0
0.01614879667506643,0.3814212210039284,0.04193911334019903,0.2443244909244128,0.06840285485083356,0
0.013246818221983944,0.4861926712607597,0.05510415194312433,0.27627115488443144,0.09281865404934478,0
0.012956290405887772,0.4898829372909789,0.055082818730722495,0.2427220831827402,0.1019440293242027,0
0.014983603196731069,0.501175302910198,0.05649164673178368,0.2284339607706592,0.1230417581829435,0
0.011983147172594358,0.5080303854252325,0.06513382886692,0.2345443613620382,0.19519135404185647,0
0.010732540851397087,0.46720397747509157,0.06341532662303441,0.2551414783791593,0.21707182877298373,0
0.012426670928680963,0.43349478425627674,0.059093454049803415,0.2724376737555498,0.22686743656226982,0
0.014434540352289938,0.3721350438464259,0.04898450230497434,0.289557642175021,0.23133134307608882,0
0.015511937870102374,0.3084776094458186,0.04566313163184883,0.3026139445835932,0.2279776170992886,0
0.015577262768147254,0.22777478195068834,0.044644851372792525,0.26108039612304124,0.2239613613226245,0
0.01513296204452157,0.41709241858291657,0.05129949402485466,0.4622190885538693,0.21110027654907676,0
0.016233910054120015,0.43277652812698186,0.052540895604841056,0.5050121889444924,0.19115774130016225,0
0.0266377559523249,0.47481996517636854,0.054220111165080166,0.4515931024837775,0.13717837760226753,0
0.028490529929380594,0.4654014889351634,0.06074464410774718,0.4214958772743397,0.13171245569084175,0
0.030610841523009257,0.4643065807565209,0.06830706660810493,0.3868287128599307,0.12737947142873712,0
0.03253331042615432,0.45365467610279264,0.07528514620733437,0.3541828449929348,0.1103980882743617,0
0.033543866724201635,0.40611902438664904,0.08329093978619995,0.3201131694102156,0.09869636724300898,0
0.03270971518691066,0.3363926265388257,0.09226270958454959,0.19261877886665427,0.08498140152236303,0
0.03420657062453204,0.28930169521985,0.10296779729797226,0.1400110198727472,0.07074245954007867,0
0.038686133902179946,0.24968204575154104,0.10776457943850068,0.11194816872929228,0.054979764173998955,0
0.03944373909821838,0.20186472626218013,0.10343004897682831,0.17654775716299131,0.042031924383182165,0
0.03938769945700531,0.19430750420161658,0.10107789575357426,0.22439184235558168,0.039573892204321205,0
0.0405752012514034,0.40940699713183487,0.06055052881222385,0.35617085391113457,0.10194676968061527,0
0.04253148213189516,0.4131624121064257,0.04890351973747688,0.35455745467801664,0.11900676618213075,0
0.041863395273789905,0.4399308465433277,0.04455140411887017,0.3392718573109812,0.13190274325449172,0
0.04198041114006138,0.4823444682764252,0.04178535319948431,0.30978146550695906,0.14980266032777526,0
0.04064080346971948,0.5376137479073797,0.04449412881838572,0.27377359052161293,0.15894623693788745,0
0.04012588443783179,0.5936530227628457,0.0461379796170167,0.23236195458269063,0.1643548786594901,0
0.0407638818461908,0.5950976510385863,0.04230060063656964,0.20656020032856506,0.16699585780756118,0
0.04395932452156999,0.5652572025519074,0.04602643730398893,0.20566924186498867,0.15961665255032423,0
0.04489582862750509,0.4911669978328031,0.04872139454060769,0.21491413112371763,0.14725883321114971,0
0.04520804735215159,0.34485410743464473,0.04735122188853313,0.22966528500699193,0.13701653622069182,0
0.045604629703946284,0.37241902598555787,0.05351929406402746,0.21313756126414693,0.13568043434747146,0
0.046077336763942725,0.3994813036787725,0.05463113597362688,0.2165281112237325,0.14160143997485455,0
0.050510542215155704,0.3607318022399835,0.04626946987283799,0.22699948645800924,0.15319570865532844,0
0.05328839099944591,0.3018603632082387,0.04337127900401386,0.23107633966487753,0.1707040904640987,0
0.055144270690468414,0.2394203011928706,0.041503847654292866,0.22931613076402893,0.18623034385274106,0
0.054328336449847345,0.2292024214099734,0.04099771911064046,0.212339560770442,0.19913490716860985,0
0.05414114927558574,0.216981758015217,0.041466774315151694,0.190860949199201,0.20186400984487327,0
0.04369344923933966,0.17945983405610516,0.036553277364420676,0.14229158266388492,0.16665231045772858,0
0.03991435651577912,0.14491264164416637,0.031350218057648455,0.1374449738768202,0.1402474181505755,0
0.0341914854906673,0.1320017796669803,0.02740312832760792,0.12679946432136618,0.11511082034803917,0
0.03034310238559141,0.15606645586264895,0.028390298397140218,0.12435603370038598,0.09165373208632838,0
0.026739806911678893,0.18141340868260203,0.03251576378290657,0.12551200581924596,0.06310446402246975,0
0.0213339163583124,0.19399972712065403,0.037561863360520815,0.1291723407374872,0.04293842034086807,0
0.018244176198902177,0.2004648262005781,0.03870548922577048,0.12967234569091407,0.028786036654209778,0
0.014497668363752885,0.3009794611125893,0.08180389638891523,0.0803421510344556,0.061044177574250624,0
0.014609086823501974,0.29785722902170747,0.08845026838547144,0.08023694414400874,0.06697790880768337,0
0.0158680872460046,0.27442326173304343,0.0916074416196435,0.08117048610797611,0.06992945861540231,0
0.01676692411830108,0.2571438814869943,0.09153460148117036,0.07610938524378913,0.07298436637253382,0
0.01775095195789205,0.2585435439568373,0.08748193246071868,0.07530455066173279,0.07514783063373444,0
0.02005323607575328,0.2826262930341136,0.0852728732571014,0.07702576745989523,0.08241095777068551,0
0.02040695376111603,0.3078024443282147,0.09041984479108389,0.07938695252969893,0.09200076131947516,0
0.024391652594804202,0.2767717630690817,0.07866544999753983,0.09404586115529592,0.11766927996531944,0
0.025730106154063653,0.24028548153488583,0.06466683045600981,0.0990236097423745,0.1279741564787662,0
0.02737909977373264,0.20314418787454486,0.053254386315926425,0.09280889696103829,0.13456026594291862,0
0.027081186751741683,0.18310203669282066,0.05326985120609323,0.09163407101801736,0.14413201203752335,0
0.025306912372565486,0.18317552035565865,0.05601810746086994,0.09802351235346038,0.15271802356646857,0
0.022940255314636955,0.17131466514391192,0.05477474128209246,0.09795580220227311,0.15954920176424278,0
0.02297609405004398,0.1571767466990689,0.056211604053040196,0.08914556778111792,0.16504854477117842,0
0.030666276690061445,0.17865948609643,0.05393398731968986,0.05288382408653887,0.12971862245825122,0
0.03010990483779044,0.24143258188398545,0.05184740446582836,0.04415182132306916,0.08764522154683028,0
0.030675025409680545,0.24588492685649768,0.04844717431347513,0.05002490631374973,0.0773155568837515,0
0.0320931833225772,0.2771138605072625,0.045793123473485464,0.046953384469746354,0.06711424909677467,0
0.03344785908217224,0.3917891352214227,0.06322391338164458,0.0706122909022325,0.04946959089638427,0
0.029264717025429376,0.37596667373396125,0.062202422054161696,0.07573038035759087,0.041572935415347526,0
0.025964318146909627,0.34076058425623706,0.056496739156605934,0.08353371037673293,0.03727396224024644,0
0.025721066933770916,0.3069881171863104,0.054538870397998,0.08683867924446867,0.03585796380012336,0
0.027398633159414525,0.2676507922429208,0.057481003899541236,0.09025150898005799,0.03579797522751552,0
0.02832943455186815,0.2737909705022886,0.06805840923342849,0.08836488718447355,0.03692322161709266,0
0.029156928780233588,0.31084122043495716,0.07763655581358267,0.08589440212999662,0.03630637849651997,0
0.023834272408599706,0.2693680956291362,0.06493289110763668,0.08985253792210784,0.05185938500496231,0
0.02391971034544568,0.17057117923948598,0.06513786614453515,0.17364925537559356,0.055912305984343005,0
0.023382698110789038,0.17165575148308185,0.06935479411065457,0.18318538712346538,0.05686571263490264,0
0.02218686823960116,0.16892416156144824,0.06759812325382243,0.1869665547959684,0.06865306086705684,0
0.02722318845816509,0.09361072904817311,0.04485758737266163,0.1847265186954127,0.10940601643500159,0
